KON 3.975018 00 0002 0000
KON 3.975139 01 0002 0000
KON 3.975260 02 0002 0000
KON 3.975381 03 0002 0000
KON 3.975502 04 0002 0000
KON 3.975623 05 0002 0000
KON 3.975745 06 0002 0000
KON 3.975866 07 0002 0000
KON 3.975987 08 0002 0000
KON 3.976108 09 0002 0000
KON 3.976229 10 0002 0000
KON 3.976350 11 0002 0000
KON 3.976471 12 0002 0000
KON 3.976592 13 0002 0000
KON 3.976713 14 0002 0000
KON 3.976834 15 0002 0000
KON 3.976955 16 0002 0000
KON 3.977085 17 0002 0000
KON 3.977228 18 0002 0000
KON 3.977349 19 0002 0000
KON 3.977470 20 0002 0000
KON 3.977591 21 0002 0000
KON 3.977712 22 0002 0000
KON 3.977833 23 0002 0000
KON 3.977954 24 0002 0000
KON 3.978075 25 0002 0000
KON 3.978196 26 0002 0000
KON 3.978317 27 0002 0000
KON 3.978438 28 0002 0000
KON 3.978559 29 0002 0000
KON 3.978680 30 0002 0000
KON 3.978801 31 0002 0000
KON 3.978922 32 0002 0000
KON 3.979052 33 0002 0000
KON 3.979173 34 0002 0000
KON 3.979294 35 0002 0000
KON 3.979415 36 0002 0000
KON 3.979536 37 0002 0000
KON 3.979657 38 0002 0000
KON 3.979778 39 0002 0000
KON 3.979900 40 0002 0000
KON 3.980021 41 0002 0000
KON 3.980142 42 0002 0000
KON 3.980284 43 0002 0000
KON 3.980405 44 0002 0000
KON 3.980526 45 0002 0000
KON 3.980647 46 0002 0000
KON 3.980769 47 0002 0000
KON 3.980890 48 0002 0000
KON 3.981011 49 0002 0000
KON 3.981140 50 0002 0000
KON 3.981261 51 0002 0000
KON 3.981382 52 0002 0000
KON 3.981503 53 0002 0000
KON 3.981624 54 0002 0000
KON 3.981745 55 0002 0000
KON 3.981866 56 0002 0000
KON 3.981987 57 0002 0000
KON 3.982108 58 0002 0000
KON 3.982229 59 0002 0000
KON 3.982350 60 0002 0000
KON 3.982471 61 0002 0000
KON 3.982592 62 0002 0000
KON 3.982714 63 0002 0000
KON 5.120563 00 0000 6080
KON 19.262829 00 503D 584D
KON 19.429536 01 503D 554D
KON 19.589192 02 503D 504D
KON 19.742929 03 007B 3DA0
KON 19.743349 04 008D 4499
KON 19.744365 05 007F 4486
KON 19.744794 06 008F 4588
KON 19.746336 07 007B 38A0
KON 19.746764 08 008B 39BE
KON 19.747836 09 0077 31A6
KON 19.748278 10 0089 38A3
KON 19.749459 11 30ED 1FC4
KON 19.762191 12 5044 4F67
KON 19.769116 13 5049 4C44
KON 19.775887 14 5086 4D44
KON 19.785406 15 5059 524D
KON 19.785983 16 5057 524D
KON 19.790476 17 5056 534D
KON 19.797974 18 5027 4D44
KON 19.949760 19 5049 4C44
KON 20.012547 20 5049 4C44
KON 20.076066 21 007F 4486
KON 20.076495 22 008F 4588
KON 20.079541 23 007B 3DA0
KON 20.079961 24 008D 4499
KON 20.081077 25 007B 38A0
KON 20.081535 26 008B 39BE
KON 20.082765 27 0077 31A6
KON 20.083186 28 0089 38A3
KON 20.096316 29 5086 4D44
KON 20.110087 30 5049 4C44
KON 20.269043 31 5049 4C44
KON 20.408023 32 007F 4486
KON 20.408452 33 008F 4588
KON 20.416175 34 007B 3DA0
KON 20.416624 35 008D 4499
KON 20.417640 36 007B 38A0
KON 20.418060 37 008B 39BE
KON 20.419081 38 0077 31A6
KON 20.419523 39 0089 38A3
KON 20.443689 40 5049 4C44
KON 20.444280 41 5086 4D44
KON 20.596027 42 5049 4C44
KON 20.776924 43 5049 4C44
KON 20.916010 44 007B 3DA0
KON 20.916438 45 008D 4499
KON 20.917476 46 007F 4486
KON 20.917896 47 008F 4588
KON 20.918917 48 0077 31A6
KON 20.919337 49 0089 38A3
KON 20.920361 50 007B 38A0
KON 20.920803 51 008B 39BE
KON 20.951506 52 5049 4C44
KON 20.952075 53 5086 4D44
KON 21.116222 54 5049 4C44
KON 21.248977 55 007F 4486
KON 21.249397 56 008F 4588
KON 21.250439 57 007B 3DA0
KON 21.250859 58 008D 4499
KON 21.251875 59 007B 38A0
KON 21.252303 60 008B 39BE
KON 21.255589 61 0077 31A6
KON 21.256009 62 0089 38A3
KON 21.283900 63 5086 4D44
KON 21.289688 00 5049 4C44
KON 21.456480 01 5049 4C44
KON 21.506241 02 500A 5229
KON 21.506916 11 409D 44A0
KON 21.508083 12 500B 6080
KON 21.508646 16 409D 4640
KON 21.590283 17 007B 38A0
KON 21.590712 03 008B 39BE
KON 21.591757 04 007B 3DA0
KON 21.592207 05 008D 4499
KON 21.593223 06 007F 4486
KON 21.593643 07 008F 4588
KON 21.594664 08 0077 31A6
KON 21.595106 09 0089 38A3
KON 21.596279 10 5009 4F80
KON 21.596850 13 409D 4420
KON 21.598031 14 500B 5D80
KON 21.598603 15 409D 45E0
KON 21.599622 18 30EA 5680
KON 21.600043 19 3003 5688
KON 21.624032 20 5049 4C44
KON 21.630965 21 30EA 5480
KON 21.631395 22 3003 5488
KON 21.632567 23 5086 4D44
KON 21.657779 24 30E9 5380
KON 21.658201 25 3003 5388
KON 21.672777 26 5009 4C80
KON 21.673348 27 409D 43C0
KON 21.674578 28 500B 5980
KON 21.675141 29 409D 4560
KON 21.701833 30 30E9 5180
KON 21.702254 31 3003 5188
KON 21.734548 32 30E9 4F80
KON 21.734969 33 3003 4F88
KON 21.756398 34 007B 3DA0
KON 21.756840 35 008D 4499
KON 21.757856 36 007F 4486
KON 21.758285 37 008F 4588
KON 21.759301 38 0077 31A6
KON 21.759744 39 0089 38A3
KON 21.760764 40 007B 38A0
KON 21.761184 41 008B 39BE
KON 21.763570 42 5007 3FD1
KON 21.764141 43 409D 4340
KON 21.765350 44 500B 5680
KON 21.765934 45 409D 4500
KON 21.767006 46 30E8 4D80
KON 21.767428 47 3003 4D88
KON 21.789982 48 30E8 4C80
KON 21.790404 49 3003 4C88
KON 21.792432 50 5086 4D44
KON 21.793056 51 5049 4C44
KON 21.824846 52 30E8 4A80
KON 21.825267 53 3003 4A88
KON 21.841025 54 5007 3ED1
KON 21.841596 63 409D 4320
KON 21.842804 00 500B 5480
KON 21.843367 55 409D 44C0
KON 21.852025 56 30E8 4880
KON 21.852455 57 3003 4888
KON 21.887709 58 30E7 4780
KON 21.888131 59 3002 4788
KON 21.908131 60 30E7 4580
KON 21.908552 61 3002 4588
KON 21.923830 62 007B 3DA0
KON 21.924280 01 008D 4499
KON 21.925296 02 007F 4486
KON 21.925716 11 008F 4588
KON 21.926736 12 007B 38A0
KON 21.927178 16 008B 39BE
KON 21.928240 18 0077 31A6
KON 21.928660 19 0089 38A3
KON 21.929869 20 5007 3AD1
KON 21.930471 23 409D 42A0
KON 21.931672 03 500A 5029
KON 21.932243 04 409D 4460
KON 21.942613 05 30E7 4380
KON 21.943035 06 3002 4388
KON 21.952106 07 5049 4C44
KON 21.952684 08 5086 4D44
KON 21.972403 09 30E6 4180
KON 21.972846 10 3002 4188
KON 21.999907 13 30E6 4080
KON 22.000329 14 3002 4088
KON 22.005696 15 5007 37D1
KON 22.006275 17 409D 4240
KON 22.008562 21 5009 4D80
KON 22.009125 22 409D 43E0
KON 22.033175 24 30E6 3E80
KON 22.033596 25 3002 3E88
KON 22.091260 26 007B 3DA0
KON 22.091777 27 008D 4499
KON 22.092835 28 007F 4486
KON 22.093255 29 008F 4588
KON 22.096666 30 007B 38A0
KON 22.097086 31 008B 39BE
KON 22.098132 32 0077 31A6
KON 22.098553 33 0089 38A3
KON 22.099720 50 009B 4880
KON 22.100280 51 009B 48AE
KON 22.101441 34 0098 3C80
KON 22.101985 35 0098 3CAE
KON 22.103089 36 30E6 3C80
KON 22.103532 37 3002 3C88
KON 22.104892 38 0093 2480
KON 22.105398 39 0093 24AE
KON 22.107978 40 5007 33D1
KON 22.108579 41 409D 41C0
KON 22.109779 42 5008 42C6
KON 22.110342 43 409D 4380
KON 22.111510 44 0096 3080
KON 22.112016 45 0096 30AE
KON 22.112612 46 507D 4D44
KON 22.116495 47 5049 4C44
KON 22.123424 48 5086 4D44
KON 22.255172 49 507D 4D44
KON 22.296685 52 5049 4C44
KON 22.360127 53 5049 4C44
KON 22.422530 56 007F 4486
KON 22.422950 57 008F 4588
KON 22.423975 00 007B 3DA0
KON 22.424395 54 008D 4499
KON 22.425952 55 007B 38A0
KON 22.426372 58 008B 39BE
KON 22.429787 59 0077 31A6
KON 22.430216 60 0089 38A3
KON 22.431367 61 507D 4D44
KON 22.457219 62 5086 4D44
KON 22.464110 63 5049 4C44
KON 22.589133 01 507D 4D44
KON 22.616948 02 5049 4C44
KON 22.763873 03 007F 4486
KON 22.764301 04 008F 4588
KON 22.765531 05 007B 3DA0
KON 22.765960 06 008D 4499
KON 22.766998 07 007B 38A0
KON 22.767418 08 008B 39BE
KON 22.768439 09 0077 31A6
KON 22.768859 10 0089 38A3
KON 22.769984 11 507D 4D44
KON 22.790355 12 5049 4C44
KON 22.797302 16 5086 4D44
KON 22.930998 18 507D 4D44
KON 22.950242 19 5049 4C44
KON 23.096215 20 507D 4D44
KON 23.123498 23 5049 4C44
KON 23.263401 13 007B 3DA0
KON 23.263829 14 008D 4499
KON 23.264845 15 007F 4486
KON 23.265265 17 008F 4588
KON 23.266307 21 0077 31A6
KON 23.266728 22 0089 38A3
KON 23.267744 24 007B 38A0
KON 23.268227 25 008B 39BE
KON 23.269406 32 507D 4D44
KON 23.299753 33 5049 4C44
KON 23.311023 34 5086 4D44
KON 23.433474 35 507D 4D44
KON 23.464122 40 5049 4C44
KON 23.596244 41 007F 4486
KON 23.596664 42 008F 4588
KON 23.597689 43 007B 3DA0
KON 23.598109 44 008D 4499
KON 23.599147 45 007B 38A0
KON 23.599567 46 008B 39BE
KON 23.602915 47 0077 31A6
KON 23.603336 48 0089 38A3
KON 23.604843 50 507D 4D44
KON 23.637104 51 5049 4C44
KON 23.651967 26 5086 4D44
KON 23.763337 27 507D 4D44
KON 23.804664 28 5049 4C44
KON 23.938761 29 007B 38A0
KON 23.939181 30 008B 39BE
KON 23.940201 31 007B 3DA0
KON 23.940621 38 008D 4499
KON 23.941659 39 007F 4486
KON 23.942143 49 008F 4588
KON 23.943395 52 0077 31A6
KON 23.943823 36 0089 38A3
KON 23.945131 37 5007 35D1
KON 23.945702 53 409D 4200
KON 23.946887 61 5007 3FD1
KON 23.947450 62 409D 4340
KON 23.948045 63 507D 4D44
KON 23.971404 00 5049 4C44
KON 23.978202 54 503D 554D
KON 23.992000 55 5086 4D44
KON 24.020274 56 5007 38D1
KON 24.020867 57 409D 4260
KON 24.022035 58 5009 4C80
KON 24.022597 59 409D 43C0
KON 24.104633 60 007B 3DA0
KON 24.105053 01 008D 4499
KON 24.106078 02 007F 4486
KON 24.106498 11 008F 4588
KON 24.107536 12 0077 31A6
KON 24.107965 16 0089 38A3
KON 24.111217 03 007B 38A0
KON 24.111637 04 008B 39BE
KON 24.113046 05 5007 3CD1
KON 24.113617 06 409D 42E0
KON 24.114780 07 5009 4F80
KON 24.115365 08 409D 4420
KON 24.115958 09 507D 4D44
KON 24.137060 10 5049 4C44
KON 24.143988 18 503D 504D
KON 24.151093 19 5086 4D44
KON 24.187586 20 5008 42C6
KON 24.188166 23 409D 4380
KON 24.189346 32 500B 5480
KON 24.189917 33 409D 44C0
KON 24.271115 34 007B 3DA0
KON 24.271535 13 008D 4499
KON 24.272582 14 007F 4486
KON 24.273002 15 008F 4588
KON 24.274022 17 007B 38A0
KON 24.274442 21 008B 39BE
KON 24.275535 22 0077 31A6
KON 24.275963 24 0089 38A3
KON 24.277343 25 5009 4D80
KON 24.277945 35 409D 43E0
KON 24.279104 40 500B 5880
KON 24.279667 50 409D 4540
KON 24.280261 51 507D 4D44
KON 24.283783 26 5027 4D44
KON 24.297479 41 5049 4C44
KON 24.313668 42 6012 124E
KON 24.314249 43 5044 4F67
KON 24.318889 44 5086 4D44
KON 24.353046 45 500A 5029
KON 24.353626 46 409D 4460
KON 24.356973 47 500B 5B80
KON 24.357557 48 409D 45A0
KON 24.437198 27 007B 3DA0
KON 24.437649 28 008D 4499
KON 24.438665 63 007F 4486
KON 24.439085 00 008F 4588
KON 24.440105 29 007B 38A0
KON 24.440547 30 008B 39BE
KON 24.442737 31 0077 31A6
KON 24.443179 36 0089 38A3
KON 24.444408 37 500B 5680
KON 24.444978 38 409D 4500
KON 24.446382 39 500B 6080
KON 24.446945 49 409D 4640
KON 24.447628 52 507D 4D44
KON 24.456886 53 1047 3C80
KON 24.457797 54 1009 388C
KON 24.459745 55 5057 524D
KON 24.460323 61 5059 524D
KON 24.464707 62 5056 534D
KON 24.466253 56 5049 4C44
KON 24.477343 57 6012 174E
KON 24.480370 58 5027 4D44
KON 24.505390 59 5086 4D44
KON 24.602812 01 507D 4D44
KON 24.643979 02 5049 4C44
KON 24.706796 03 5049 4C44
KON 24.770557 04 007F 4486
KON 24.770977 05 008F 4588
KON 24.771997 06 007B 3DA0
KON 24.772417 07 008D 4499
KON 24.775604 08 007B 38A0
KON 24.776070 09 008B 39BE
KON 24.777346 10 0077 31A6
KON 24.777775 11 0089 38A3
KON 24.778925 12 507D 4D44
KON 24.803792 16 5049 4C44
KON 24.839475 18 5086 4D44
KON 24.943249 19 507D 4D44
KON 24.963321 60 5049 4C44
KON 25.111219 17 007F 4486
KON 25.111647 20 008F 4588
KON 25.112685 21 007B 3DA0
KON 25.113105 22 008D 4499
KON 25.114125 23 007B 38A0
KON 25.114545 24 008B 39BE
KON 25.115584 26 0077 31A6
KON 25.116068 32 0089 38A3
KON 25.119013 33 507D 4D44
KON 25.137320 34 5049 4C44
KON 25.167588 41 5086 4D44
KON 25.276595 43 507D 4D44
KON 25.297735 44 5049 4C44
KON 25.443061 50 507D 4D44
KON 25.471321 51 5049 4C44
KON 25.610436 13 007B 3DA0
KON 25.610856 14 008D 4499
KON 25.611898 15 007F 4486
KON 25.612318 25 008F 4588
KON 25.613334 35 0077 31A6
KON 25.613763 40 0089 38A3
KON 25.614802 42 007B 38A0
KON 25.615222 45 008B 39BE
KON 25.617065 46 507D 4D44
KON 25.644327 47 5049 4C44
KON 25.659735 48 5086 4D44
KON 25.665457 52 1046 3780
KON 25.666290 54 1008 2DB0
KON 25.776374 55 507D 4D44
KON 25.811396 61 5049 4C44
KON 25.943992 29 007F 4486
KON 25.944412 30 008F 4588
KON 25.945459 31 007B 3DA0
KON 25.945879 36 008D 4499
KON 25.950220 37 007B 38A0
KON 25.950640 38 008B 39BE
KON 25.951881 39 0077 31A6
KON 25.952301 49 0089 38A3
KON 25.954962 56 507D 4D44
KON 25.984604 58 5049 4C44
KON 25.991458 59 5086 4D44
KON 26.116640 62 507D 4D44
KON 26.151970 63 5049 4C44
KON 26.283944 00 007B 38A0
KON 26.284364 27 008B 39BE
KON 26.285906 28 007B 3DA0
KON 26.286326 01 008D 4499
KON 26.287342 02 007F 4486
KON 26.287770 03 008F 4588
KON 26.288808 12 0077 31A6
KON 26.289229 16 0089 38A3
KON 26.290697 04 507D 4D44
KON 26.317928 05 5049 4C44
KON 26.331711 06 5086 4D44
KON 26.451453 07 007B 3DA0
KON 26.451895 08 008D 4499
KON 26.452911 09 007F 4486
KON 26.453331 10 008F 4588
KON 26.454356 11 0077 31A6
KON 26.454798 18 0089 38A3
KON 26.455819 19 007B 38A0
KON 26.456294 60 008B 39BE
KON 26.457934 33 507D 4D44
KON 26.484829 17 5049 4C44
KON 26.498727 20 5086 4D44
KON 26.618353 21 007B 3DA0
KON 26.618773 22 008D 4499
KON 26.619792 23 007F 4486
KON 26.620213 24 008F 4588
KON 26.621250 26 007B 38A0
KON 26.621679 32 008B 39BE
KON 26.622751 34 0077 31A6
KON 26.623171 41 0089 38A3
KON 26.624320 43 507D 4D44
KON 26.637852 44 1048 4380
KON 26.644630 50 6012 124E
KON 26.646727 51 5049 4C44
KON 26.647296 53 5027 4D44
KON 26.660371 46 1009 3C8C
KON 26.660966 35 5086 4D44
KON 26.784395 40 007D 456F
KON 26.784815 42 008D 4699
KON 26.785836 45 007D 486F
KON 26.786256 47 008F 4388
KON 26.787293 48 007B 3AA0
KON 26.787722 54 008B 3BBE
KON 26.790985 13 0077 31A6
KON 26.791405 14 0089 38A3
KON 26.792472 15 1047 4180
KON 26.793305 25 1009 3A8C
KON 26.793893 55 507D 4D44
KON 26.803682 61 6012 174E
KON 26.811879 49 5049 4C44
KON 26.817630 56 5086 4D44
KON 26.832294 58 5027 4D44
KON 26.949523 59 507D 4D44
KON 26.970729 29 20A0 4A80
KON 26.977104 30 20A0 4880
KON 26.987241 31 1023 4D80
KON 26.988212 36 1022 4A80
KON 26.991850 37 1021 4880
KON 26.993046 38 5049 4C44
KON 27.054528 39 5049 4C44
KON 27.116696 62 007D 486F
KON 27.117116 63 008F 4388
KON 27.124787 04 007D 456F
KON 27.125229 05 008D 4699
KON 27.126467 06 007B 3AA0
KON 27.126909 16 008B 3BBE
KON 27.127929 27 0077 31A6
KON 27.128350 28 0089 38A3
KON 27.128937 00 507D 4D44
KON 27.137110 01 20A0 4A80
KON 27.137958 02 20A0 4880
KON 27.145138 03 5086 4D44
KON 27.150933 12 1023 4D80
KON 27.151896 33 1021 4880
KON 27.159244 60 1022 4A80
KON 27.160464 07 5049 4C44
KON 27.290606 08 507D 4D44
KON 27.310916 09 5049 4C44
KON 27.457833 10 007D 486F
KON 27.458253 11 008F 4388
KON 27.459491 17 007D 456F
KON 27.459911 18 008D 4699
KON 27.460949 19 007B 3AA0
KON 27.461378 20 008B 3BBE
KON 27.462394 52 0077 31A6
KON 27.462815 57 0089 38A3
KON 27.463411 21 507D 4D44
KON 27.478891 22 1021 4880
KON 27.479734 23 20A0 4880
KON 27.485542 24 1023 4D80
KON 27.486569 26 1022 4A80
KON 27.487668 32 20A0 4A80
KON 27.489192 34 5049 4C44
KON 27.489761 35 5086 4D44
KON 27.625905 41 507D 4D44
KON 27.644302 43 5049 4C44
KON 27.789745 46 507D 4D44
KON 27.818261 50 5049 4C44
KON 27.957535 51 007D 456F
KON 27.957955 53 008D 4699
KON 27.958971 44 007D 486F
KON 27.959399 49 008F 4388
KON 27.960437 55 0077 31A6
KON 27.960858 56 0089 38A3
KON 27.961878 25 007B 3AA0
KON 27.962298 40 008B 3BBE
KON 27.964400 42 507D 4D44
KON 27.991956 45 1023 4D80
KON 27.995703 47 5049 4C44
KON 27.996302 48 5086 4D44
KON 27.998527 54 1021 4880
KON 27.999516 58 1022 4A80
KON 28.012297 13 20A0 4A80
KON 28.019474 14 20A0 4880
KON 28.124151 38 507D 4D44
KON 28.158088 59 5049 4C44
KON 28.298320 29 007D 486F
KON 28.298740 30 008F 4388
KON 28.299997 31 007D 456F
KON 28.300417 36 008D 4699
KON 28.302004 37 007B 3AA0
KON 28.302446 39 008B 3BBE
KON 28.303471 00 0077 31A6
KON 28.303891 60 0089 38A3
KON 28.304479 62 507D 4D44
KON 28.325448 63 1023 4D80
KON 28.326633 01 1021 4880
KON 28.327214 02 5086 4D44
KON 28.331335 03 1022 4A80
KON 28.339186 04 20A0 4880
KON 28.340393 05 5049 4C44
KON 28.345840 06 20A0 4A80
KON 28.464168 07 507D 4D44
KON 28.499068 12 5049 4C44
KON 28.547748 16 500A 5229
KON 28.548340 27 409D 44A0
KON 28.549507 28 500B 6080
KON 28.550070 33 409D 4640
KON 28.631786 08 007B 3AA0
KON 28.632206 09 008B 3BBE
KON 28.635366 21 007D 456F
KON 28.635793 10 008D 4699
KON 28.637093 11 007D 486F
KON 28.637522 17 008F 4388
KON 28.638538 18 0077 31A6
KON 28.638959 19 0089 38A3
KON 28.640154 20 5009 4F80
KON 28.640725 22 409D 4420
KON 28.641893 23 500B 5D80
KON 28.642477 24 409D 45E0
KON 28.643063 26 507D 4D44
KON 28.651998 32 1023 4D80
KON 28.652965 34 1021 4880
KON 28.658781 35 1022 4A80
KON 28.665351 52 20A0 4880
KON 28.666415 57 20A0 4A80
KON 28.667044 41 5049 4C44
KON 28.672386 43 5086 4D44
KON 28.716149 46 5009 4C80
KON 28.716720 50 409D 43C0
KON 28.717925 42 500B 5980
KON 28.718488 48 409D 4560
KON 28.798260 25 007D 456F
KON 28.798680 40 008D 4699
KON 28.799699 44 007D 486F
KON 28.800120 45 008F 4388
KON 28.801167 47 0077 31A6
KON 28.801588 49 0089 38A3
KON 28.802659 51 007B 3AA0
KON 28.803079 53 008B 3BBE
KON 28.806777 54 5007 3FD1
KON 28.807356 55 409D 4340
KON 28.808535 56 500B 5680
KON 28.809119 58 409D 4500
KON 28.809714 13 507D 4D44
KON 28.824585 14 1023 4D80
KON 28.833490 38 1021 4880
KON 28.834537 59 1022 4A80
KON 28.835676 60 20A0 4880
KON 28.836916 62 5086 4D44
KON 28.837544 63 5049 4C44
KON 28.839197 00 20A0 4A80
KON 28.883201 01 5007 3ED1
KON 28.883772 02 409D 4320
KON 28.884973 03 500B 5480
KON 28.885544 04 409D 44C0
KON 28.965931 05 007D 456F
KON 28.966351 06 008D 4699
KON 28.967376 29 007D 486F
KON 28.967817 30 008F 4388
KON 28.968834 31 007B 3AA0
KON 28.969262 36 008B 3BBE
KON 28.970316 37 0077 31A6
KON 28.970814 39 0089 38A3
KON 28.972223 07 5007 3AD1
KON 28.972816 12 409D 42A0
KON 28.974025 16 500A 5029
KON 28.974588 26 409D 4460
KON 28.975174 27 507D 4D44
KON 28.978820 28 5027 4D44
KON 28.992410 33 1021 4880
KON 28.993609 41 1023 4D80
KON 28.994838 08 1022 4A80
KON 28.995473 09 5049 4C44
KON 28.996050 10 5086 4D44
KON 28.998467 11 6012 124E
KON 29.012322 17 20A0 4880
KON 29.014123 18 20A0 4A80
KON 29.048375 19 5007 37D1
KON 29.048946 20 409D 4240
KON 29.050176 21 5009 4D80
KON 29.050739 22 409D 43E0
KON 29.131917 23 007B 3DA0
KON 29.132337 24 008D 4499
KON 29.133379 32 007F 4486
KON 29.133799 34 008F 4588
KON 29.134815 35 007B 38A0
KON 29.135244 43 008B 39BE
KON 29.137640 52 0077 31A6
KON 29.138060 57 0089 38A3
KON 29.139256 13 5007 33D1
KON 29.139827 42 409D 41C0
KON 29.141006 46 5008 42C6
KON 29.141577 48 409D 4380
KON 29.144066 49 1047 4080
KON 29.144975 50 1009 3C8C
KON 29.146147 51 507D 4D44
KON 29.158540 53 5049 4C44
KON 29.165574 54 6012 174E
KON 29.167567 55 5027 4D44
KON 29.168166 56 5086 4D44
KON 29.298494 58 507D 4D44
KON 29.338491 59 5049 4C44
KON 29.401257 60 5049 4C44
KON 29.464363 61 007F 4486
KON 29.464783 62 008F 4588
KON 29.465829 63 007B 3DA0
KON 29.466249 00 008D 4499
KON 29.472078 14 007B 38A0
KON 29.472498 25 008B 39BE
KON 29.473757 38 0077 31A6
KON 29.474178 40 0089 38A3
KON 29.474766 44 507D 4D44
KON 29.498467 45 5086 4D44
KON 29.505680 47 5049 4C44
KON 29.637150 01 507D 4D44
KON 29.658365 02 5049 4C44
KON 29.804882 03 007F 4486
KON 29.805332 04 008F 4588
KON 29.806348 05 007B 3DA0
KON 29.806768 06 008D 4499
KON 29.807788 09 007B 38A0
KON 29.808208 10 008B 39BE
KON 29.809255 15 0077 31A6
KON 29.809731 27 0089 38A3
KON 29.810873 28 507D 4D44
KON 29.832205 29 5049 4C44
KON 29.839241 30 5086 4D44
KON 29.970863 31 507D 4D44
KON 29.991258 33 5049 4C44
KON 30.137453 36 507D 4D44
KON 30.172415 37 5049 4C44
KON 30.306493 39 007B 3DA0
KON 30.306943 41 008D 4499
KON 30.307959 07 007F 4486
KON 30.308379 08 008F 4588
KON 30.309400 11 0077 31A6
KON 30.309851 12 0089 38A3
KON 30.311135 16 007B 38A0
KON 30.311555 17 008B 39BE
KON 30.312165 18 507D 4D44
KON 30.339271 19 5049 4C44
KON 30.355170 20 5086 4D44
KON 30.359849 21 1047 3C80
KON 30.360712 22 1009 388C
KON 30.470487 26 507D 4D44
KON 30.513797 50 5049 4C44
KON 30.638397 51 007F 4486
KON 30.638826 53 008F 4588
KON 30.639842 55 007B 3DA0
KON 30.640262 56 008D 4499
KON 30.644450 23 007B 38A0
KON 30.644879 24 008B 39BE
KON 30.646131 32 0077 31A6
KON 30.646552 34 0089 38A3
KON 30.647148 35 507D 4D44
KON 30.685965 42 5049 4C44
KON 30.693183 43 5086 4D44
KON 30.811661 46 507D 4D44
KON 30.846848 48 5049 4C44
KON 30.978901 52 007B 38A0
KON 30.979321 57 008B 39BE
KON 30.980851 13 007B 3DA0
KON 30.981271 58 008D 4499
KON 30.982287 59 007F 4486
KON 30.982707 60 008F 4588
KON 30.983809 38 0077 31A6
KON 30.984229 40 0089 38A3
KON 30.985388 44 507D 4D44
KON 31.012859 45 5049 4C44
KON 31.033092 47 5086 4D44
KON 31.145145 61 007B 3DA0
KON 31.145565 62 008D 4499
KON 31.146581 63 007F 4486
KON 31.147009 00 008F 4588
KON 31.148047 14 0077 31A6
KON 31.148468 25 0089 38A3
KON 31.149488 01 007B 38A0
KON 31.149908 02 008B 39BE
KON 31.152015 28 507D 4D44
KON 31.178923 03 5049 4C44
KON 31.192958 04 5086 4D44
KON 31.313619 05 1048 4380
KON 31.314646 06 007B 3DA0
KON 31.315074 09 008D 4499
KON 31.316091 10 007F 4486
KON 31.316511 15 008F 4588
KON 31.317645 27 007B 38A0
KON 31.318065 29 008B 39BE
KON 31.319326 30 0077 31A6
KON 31.319746 31 0089 38A3
KON 31.320587 33 1009 3C8C
KON 31.321176 36 507D 4D44
KON 31.331396 37 6012 124E
KON 31.339567 18 5049 4C44
KON 31.354868 49 5027 4D44
KON 31.366356 11 5086 4D44
KON 31.478656 12 007B 3BA0
KON 31.479077 16 008B 3CBE
KON 31.480114 17 007D 456F
KON 31.480534 19 008D 4699
KON 31.481559 20 007B 3AA0
KON 31.481979 22 008B 3BBE
KON 31.485902 39 0077 31A6
KON 31.486322 41 0089 38A3
KON 31.487386 07 1008 30B0
KON 31.487988 08 507D 4D44
KON 31.498734 26 1047 3E80
KON 31.505513 50 6012 174E
KON 31.506743 32 5049 4C44
KON 31.526939 34 5027 4D44
KON 31.547404 35 5086 4D44
KON 31.644662 42 507D 4D44
KON 31.665477 43 1021 4680
KON 31.666320 51 20A0 4880
KON 31.667170 53 209F 4680
KON 31.672776 55 1022 4A80
KON 31.673748 56 1021 4580
KON 31.693858 23 5049 4C44
KON 31.748258 24 5049 4C44
KON 31.820042 46 007D 456F
KON 31.820462 48 008D 4699
KON 31.821725 44 007B 3BA0
KON 31.822145 45 008B 3CBE
KON 31.823186 13 007B 3AA0
KON 31.823606 38 008B 3BBE
KON 31.824623 40 0077 31A6
KON 31.825052 47 0089 38A3
KON 31.825662 52 507D 4D44
KON 31.832079 57 1022 4A80
KON 31.838662 58 1021 4580
KON 31.839633 59 1021 4680
KON 31.845475 60 20A0 4880
KON 31.846321 28 209F 4680
KON 31.854239 54 5049 4C44
KON 31.880921 61 5086 4D44
KON 31.984245 62 507D 4D44
KON 32.005660 63 5049 4C44
KON 32.152225 00 007D 456F
KON 32.152654 01 008D 4699
KON 32.153669 02 007B 3BA0
KON 32.154089 03 008B 3CBE
KON 32.155131 04 007B 3AA0
KON 32.155551 14 008B 3BBE
KON 32.156567 21 0077 31A6
KON 32.156997 25 0089 38A3
KON 32.158839 36 507D 4D44
KON 32.164686 06 1021 4680
KON 32.174134 09 1022 4A80
KON 32.175119 10 1021 4580
KON 32.179306 11 5049 4C44
KON 32.199781 15 20A0 4880
KON 32.200647 18 209F 4680
KON 32.206480 27 5086 4D44
KON 32.318139 29 507D 4D44
KON 32.338444 30 5049 4C44
KON 32.484283 31 507D 4D44
KON 32.520824 33 5049 4C44
KON 32.653912 37 007B 3BA0
KON 32.654332 49 008B 3CBE
KON 32.655351 05 007D 456F
KON 32.655771 32 008D 4699
KON 32.656818 07 0077 31A6
KON 32.657276 08 0089 38A3
KON 32.658347 12 007B 3AA0
KON 32.658775 16 008B 3BBE
KON 32.660532 17 507D 4D44
KON 32.674782 19 5035 4D44
KON 32.690566 20 1022 4A80
KON 32.692907 22 5049 4C44
KON 32.701172 34 1021 4680
KON 32.703807 35 1021 4580
KON 32.714593 39 5086 4D44
KON 32.750639 41 20A0 4880
KON 32.751488 42 209F 4680
KON 32.819799 51 507D 4D44
KON 32.863123 53 5049 4C44
KON 32.994801 55 007D 456F
KON 32.995318 56 008D 4699
KON 32.996888 23 007B 3BA0
KON 32.997308 24 008B 3CBE
KON 32.998501 43 007B 3AA0
KON 32.998967 52 008B 3BBE
KON 32.999984 28 0077 31A6
KON 33.000426 38 0089 38A3
KON 33.001022 40 507D 4D44
KON 33.014419 44 1022 4A80
KON 33.015467 45 1021 4680
KON 33.017191 46 5035 4D44
KON 33.021265 47 1021 4580
KON 33.035499 48 20A0 4880
KON 33.036986 54 5049 4C44
KON 33.041137 57 209F 4680
KON 33.043901 58 5086 4D44
KON 33.158720 59 507D 4D44
KON 33.194689 60 5049 4C44
KON 33.331643 61 007B 3AA0
KON 33.332063 13 008B 3BBE
KON 33.333083 62 007B 3BA0
KON 33.333503 63 008B 3CBE
KON 33.334653 36 007D 456F
KON 33.335073 00 008D 4699
KON 33.336090 01 0077 31A6
KON 33.336510 02 0089 38A3
KON 33.337849 03 5007 35D1
KON 33.338420 04 409D 4200
KON 33.339587 06 5007 3FD1
KON 33.340171 09 409D 4340
KON 33.349294 10 1022 4A80
KON 33.350261 11 1021 4680
KON 33.351233 14 1021 4580
KON 33.355849 15 507D 4D44
KON 33.367177 18 20A0 4880
KON 33.368026 21 209F 4680
KON 33.378471 25 503D 504D
KON 33.379115 27 5049 4C44
KON 33.388090 29 5086 4D44
KON 33.435166 30 5007 38D1
KON 33.435737 31 409D 4260
KON 33.436896 33 5009 4C80
KON 33.437489 17 409D 43C0
KON 33.503775 19 007B 3BA0
KON 33.504195 05 008B 3CBE
KON 33.505215 07 007D 456F
KON 33.505635 08 008D 4699
KON 33.506748 12 0077 31A6
KON 33.507177 16 0089 38A3
KON 33.508193 20 007B 3AA0
KON 33.508613 22 008B 3BBE
KON 33.517869 32 5007 3CD1
KON 33.518440 34 409D 42E0
KON 33.519627 35 5009 4F80
KON 33.520227 37 409D 4420
KON 33.521314 39 1022 4A80
KON 33.526060 41 507D 4D44
KON 33.536039 42 1021 4580
KON 33.538878 49 1021 4680
KON 33.539729 51 20A0 4880
KON 33.542311 53 209F 4680
KON 33.545903 38 5049 4C44
KON 33.559952 40 5086 4D44
KON 33.596533 43 5008 42C6
KON 33.597113 44 409D 4380
KON 33.600585 45 500B 5480
KON 33.601178 46 409D 44C0
KON 33.662824 47 007B 3BA0
KON 33.663244 48 008B 3CBE
KON 33.664319 52 007D 456F
KON 33.664747 54 008D 4699
KON 33.665764 55 007B 3AA0
KON 33.666184 56 008B 3BBE
KON 33.667225 57 0077 31A6
KON 33.667646 58 0089 38A3
KON 33.668820 23 5009 4D80
KON 33.669413 24 409D 43E0
KON 33.674182 28 500B 5880
KON 33.674808 59 409D 4540
KON 33.678390 60 507D 4D44
KON 33.685735 50 6012 124E
KON 33.686760 00 1022 4A80
KON 33.687751 01 1021 4580
KON 33.698551 02 1021 4680
KON 33.700189 03 20A0 4880
KON 33.701234 04 209F 4680
KON 33.707055 06 5027 4D44
KON 33.707686 09 5049 4C44
KON 33.720194 10 5044 5167
KON 33.723097 11 5086 4D44
KON 33.749053 13 500A 5029
KON 33.749624 14 409D 4460
KON 33.750813 15 500B 5B80
KON 33.751397 18 409D 45A0
KON 33.829345 21 007B 3DA0
KON 33.829765 25 008D 4499
KON 33.830790 27 007F 4486
KON 33.831231 29 008F 4588
KON 33.833436 36 007B 38A0
KON 33.833856 61 008B 39BE
KON 33.834775 62 1047 4080
KON 33.836409 63 0077 31A6
KON 33.836838 17 0089 38A3
KON 33.837701 30 1009 3C8C
KON 33.840469 31 500B 5680
KON 33.841049 33 409D 4500
KON 33.842207 38 500B 6080
KON 33.842770 39 409D 4640
KON 33.850441 40 507D 4D44
KON 33.861529 41 6012 174E
KON 33.872169 42 5057 524D
KON 33.872738 49 5059 524D
KON 33.873307 51 5044 4F67
KON 33.897321 53 5056 534D
KON 33.897961 05 5049 4C44
KON 33.898560 07 5086 4D44
KON 33.899129 08 5027 4D44
KON 33.994012 12 507D 4D44
KON 34.033933 16 5049 4C44
KON 34.096155 19 5049 4C44
KON 34.166688 20 007F 4486
KON 34.167108 22 008F 4588
KON 34.168124 32 007B 3DA0
KON 34.168544 34 008D 4499
KON 34.169590 35 007B 38A0
KON 34.170010 37 008B 39BE
KON 34.171031 43 0077 31A6
KON 34.171506 44 0089 38A3
KON 34.173053 45 507D 4D44
KON 34.185652 46 5086 4D44
KON 34.200543 60 5049 4C44
KON 34.332672 02 507D 4D44
KON 34.352809 03 5049 4C44
KON 34.499350 04 007F 4486
KON 34.499791 06 008F 4588
KON 34.500816 09 007B 3DA0
KON 34.501236 10 008D 4499
KON 34.502252 11 007B 38A0
KON 34.502702 23 008B 39BE
KON 34.503719 24 0077 31A6
KON 34.504194 26 0089 38A3
KON 34.505405 28 507D 4D44
KON 34.526902 47 5049 4C44
KON 34.534504 48 5086 4D44
KON 34.665222 50 507D 4D44
KON 34.686692 52 5049 4C44
KON 34.832400 54 507D 4D44
KON 34.866233 55 5049 4C44
KON 35.001243 56 007B 3DA0
KON 35.001663 57 008D 4499
KON 35.002683 58 007F 4486
KON 35.003103 59 008F 4588
KON 35.005524 00 0077 31A6
KON 35.005945 01 0089 38A3
KON 35.007200 13 007B 38A0
KON 35.007620 14 008B 39BE
KON 35.008208 15 507D 4D44
KON 35.033354 18 5049 4C44
KON 35.040335 30 5086 4D44
KON 35.053635 40 1047 3C80
KON 35.061101 42 1009 388C
KON 35.173576 49 507D 4D44
KON 35.207080 51 5049 4C44
KON 35.340549 53 007F 4486
KON 35.340969 05 008F 4588
KON 35.342007 07 007B 3DA0
KON 35.342435 08 008D 4499
KON 35.345558 17 007B 38A0
KON 35.345978 21 008B 39BE
KON 35.347227 25 0077 31A6
KON 35.347647 27 0089 38A3
KON 35.348235 29 507D 4D44
KON 35.366417 31 5086 4D44
KON 35.381079 33 5049 4C44
KON 35.505870 36 507D 4D44
KON 35.541709 38 5049 4C44
KON 35.673363 39 007B 38A0
KON 35.673783 61 008B 39BE
KON 35.674803 63 007B 3DA0
KON 35.675245 12 008D 4499
KON 35.676777 16 007F 4486
KON 35.677197 19 008F 4588
KON 35.678290 45 0077 31A6
KON 35.678719 20 0089 38A3
KON 35.679897 22 507D 4D44
KON 35.707292 32 5049 4C44
KON 35.714362 34 5086 4D44
KON 35.840069 35 007B 3DA0
KON 35.840498 37 008D 4499
KON 35.841514 43 007F 4486
KON 35.841956 44 008F 4588
KON 35.842976 46 0077 31A6
KON 35.843397 60 0089 38A3
KON 35.844421 02 007B 38A0
KON 35.844918 03 008B 39BE
KON 35.846068 28 507D 4D44
KON 35.874375 47 5086 4D44
KON 35.875027 48 5049 4C44
KON 36.007013 04 007B 3DA0
KON 36.007433 06 008D 4499
KON 36.010566 09 007F 4486
KON 36.010986 10 008F 4588
KON 36.012072 11 007B 38A0
KON 36.012545 23 008B 39BE
KON 36.013798 24 0077 31A6
KON 36.014219 26 0089 38A3
KON 36.014814 50 507D 4D44
KON 36.020252 52 5027 4D44
KON 36.033648 54 6012 124E
KON 36.040500 55 1048 4380
KON 36.042567 62 5049 4C44
KON 36.043167 15 5086 4D44
KON 36.049137 18 1009 3C8C
KON 36.173255 56 007D 486F
KON 36.173675 57 008F 4388
KON 36.174717 58 007F 4686
KON 36.175137 59 008F 4788
KON 36.181273 00 1048 4580
KON 36.182525 01 007B 3AA0
KON 36.182945 13 008B 3BBE
KON 36.183962 14 0077 31A6
KON 36.184391 30 0089 38A3
KON 36.185254 42 1009 3D8C
KON 36.185833 49 507D 4D44
KON 36.200837 51 5027 4D44
KON 36.201459 17 5049 4C44
KON 36.206425 21 6012 174E
KON 36.214209 25 5086 4D44
KON 36.346600 27 507D 4D44
KON 36.367059 29 1021 4580
KON 36.368026 31 1020 4180
KON 36.373501 33 1020 4080
KON 36.388475 53 5049 4C44
KON 36.394478 05 20A0 4880
KON 36.442907 07 5049 4C44
KON 36.513912 08 007F 4686
KON 36.514340 36 008F 4788
KON 36.515378 38 007D 486F
KON 36.515798 22 008F 4388
KON 36.516818 32 007B 3AA0
KON 36.517238 34 008B 3BBE
KON 36.518276 61 0077 31A6
KON 36.518715 63 0089 38A3
KON 36.520270 12 507D 4D44
KON 36.533359 16 1021 4580
KON 36.540376 19 1020 4180
KON 36.541563 20 1020 4080
KON 36.542145 39 5086 4D44
KON 36.549757 45 5049 4C44
KON 36.554632 28 209E 4080
KON 36.555480 35 20A0 4880
KON 36.678858 37 507D 4D44
KON 36.700223 41 5049 4C44
KON 36.846434 43 007F 4686
KON 36.846854 44 008F 4788
KON 36.847870 46 007D 486F
KON 36.848299 47 008F 4388
KON 36.849337 48 007B 3AA0
KON 36.849757 60 008B 3BBE
KON 36.850777 02 0077 31A6
KON 36.851197 03 0089 38A3
KON 36.853119 40 507D 4D44
KON 36.873805 50 1021 4580
KON 36.875038 52 5049 4C44
KON 36.880959 62 1020 4080
KON 36.881927 04 1020 4180
KON 36.888295 06 20A0 4880
KON 36.889359 09 209E 4080
KON 36.889940 10 5086 4D44
KON 37.012932 11 507D 4D44
KON 37.033375 15 5049 4C44
KON 37.179093 18 507D 4D44
KON 37.214073 23 5049 4C44
KON 37.346211 24 007D 486F
KON 37.346631 26 008F 4388
KON 37.353809 54 007F 4686
KON 37.354237 55 008F 4788
KON 37.355490 17 0077 31A6
KON 37.355910 25 0089 38A3
KON 37.356931 42 007B 3AA0
KON 37.357351 49 008B 3BBE
KON 37.357939 51 507D 4D44
KON 37.380137 56 5049 4C44
KON 37.387449 57 1020 4080
KON 37.388416 58 1021 4580
KON 37.394901 59 1020 4180
KON 37.396378 01 5086 4D44
KON 37.410339 13 20A0 4880
KON 37.414561 14 209E 4080
KON 37.519738 30 507D 4D44
KON 37.553921 27 5049 4C44
KON 37.687632 33 007F 4686
KON 37.688061 53 008F 4788
KON 37.689292 05 007D 486F
KON 37.689733 07 008F 4388
KON 37.690754 29 007B 3AA0
KON 37.691174 31 008B 3BBE
KON 37.692867 12 0077 31A6
KON 37.693287 19 0089 38A3
KON 37.693875 20 507D 4D44
KON 37.714014 22 1021 4580
KON 37.720626 32 1020 4180
KON 37.721598 34 1020 4080
KON 37.729647 35 5049 4C44
KON 37.734570 36 5086 4D44
KON 37.754684 38 20A0 4880
KON 37.764253 39 209E 4080
KON 37.853209 45 507D 4D44
KON 37.888923 61 5049 4C44
KON 37.936539 63 500A 5229
KON 37.937110 08 409D 44A0
KON 37.938889 16 500B 6080
KON 37.939452 28 409D 4640
KON 38.021304 37 007B 3AA0
KON 38.021746 41 008B 3BBE
KON 38.022766 40 007D 486F
KON 38.023186 46 008F 4388
KON 38.026423 47 007F 4686
KON 38.026843 48 008F 4788
KON 38.028083 52 0077 31A6
KON 38.028503 60 0089 38A3
KON 38.029690 62 5009 4F80
KON 38.030269 02 409D 4420
KON 38.031428 03 500B 5D80
KON 38.031991 04 409D 45E0
KON 38.032607 06 507D 4D44
KON 38.054204 09 1021 4580
KON 38.055175 10 1020 4080
KON 38.061844 43 1020 4180
KON 38.063074 44 5049 4C44
KON 38.075074 50 20A0 4880
KON 38.081764 11 209E 4080
KON 38.082936 15 5086 4D44
KON 38.104980 18 5009 4C80
KON 38.105551 23 409D 43C0
KON 38.106734 49 500B 5980
KON 38.107297 51 409D 4560
KON 38.187227 54 007D 486F
KON 38.187647 55 008F 4388
KON 38.188689 56 007F 4686
KON 38.189109 01 008F 4788
KON 38.190134 14 0077 31A6
KON 38.190554 17 0089 38A3
KON 38.191592 24 007B 3AA0
KON 38.192021 25 008B 3BBE
KON 38.193664 26 5007 3FD1
KON 38.194266 42 409D 4340
KON 38.197989 57 500B 5680
KON 38.198560 58 409D 4500
KON 38.199167 59 507D 4D44
KON 38.221918 13 1020 4080
KON 38.223122 27 5049 4C44
KON 38.228141 30 1048 4780
KON 38.229079 19 100A 3C91
KON 38.230067 20 1021 4580
KON 38.231081 22 1020 4180
KON 38.242362 29 20A0 4880
KON 38.243448 31 209E 4080
KON 38.246351 32 5086 4D44
KON 38.273506 33 5007 3ED1
KON 38.274086 34 409D 4320
KON 38.275382 35 500B 5480
KON 38.276027 36 409D 44C0
KON 38.354365 38 007D 486F
KON 38.354807 39 008F 4388
KON 38.356754 53 007F 4686
KON 38.357174 05 008F 4788
KON 38.358199 07 007B 3AA0
KON 38.358619 12 008B 3BBE
KON 38.359244 45 5027 4D44
KON 38.360346 61 0077 31A6
KON 38.360821 63 0089 38A3
KON 38.362235 06 5007 3AD1
KON 38.362806 08 409D 42A0
KON 38.364006 16 500A 5029
KON 38.364577 28 409D 4460
KON 38.365186 37 507D 4D44
KON 38.381070 40 5049 4C44
KON 38.396819 41 100A 3A91
KON 38.402261 43 1049 4880
KON 38.403155 44 6012 174E
KON 38.405090 46 1020 4080
KON 38.408390 47 1021 4580
KON 38.409578 48 1020 4180
KON 38.410159 50 5086 4D44
KON 38.415709 52 209E 4080
KON 38.418863 60 20A0 4880
KON 38.438153 62 5007 37D1
KON 38.438724 00 409D 4240
KON 38.439925 02 5009 4D80
KON 38.440518 03 409D 43E0
KON 38.527677 04 1048 4380
KON 38.529088 09 007D 456F
KON 38.529530 10 008D 4699
KON 38.530550 11 007F 4486
KON 38.530970 15 008F 4588
KON 38.531986 18 007B 3CA0
KON 38.532491 23 008D 4399
KON 38.533722 49 0077 31A6
KON 38.534142 51 0089 38A3
KON 38.535338 59 5007 33D1
KON 38.535909 17 409D 41C0
KON 38.537092 19 5008 42C6
KON 38.537677 20 409D 4380
KON 38.538263 21 507D 4D44
KON 38.547273 22 5027 4D44
KON 38.554369 24 5049 4C44
KON 38.567730 25 100A 3891
KON 38.575140 26 6012 124E
KON 38.590463 27 5086 4D44
KON 38.693105 32 507D 4D44
KON 38.734402 42 5049 4C44
KON 38.790711 54 5049 4C44
KON 38.861242 55 007F 4486
KON 38.861684 56 008F 4588
KON 38.862703 57 007D 456F
KON 38.863124 58 008D 4699
KON 38.864148 01 007B 3CA0
KON 38.864590 13 008D 4399
KON 38.865607 14 0077 31A6
KON 38.866082 29 0089 38A3
KON 38.867572 30 507D 4D44
KON 38.894421 31 5049 4C44
KON 38.922541 33 5086 4D44
KON 39.026238 34 507D 4D44
KON 39.047433 35 5049 4C44
KON 39.193979 36 007F 4486
KON 39.194399 37 008F 4588
KON 39.195437 38 007D 456F
KON 39.195857 39 008D 4699
KON 39.196882 40 007B 3CA0
KON 39.197302 41 008D 4399
KON 39.198322 45 0077 31A6
KON 39.198819 50 0089 38A3
KON 39.199968 53 507D 4D44
KON 39.221383 61 5049 4C44
KON 39.249316 63 5086 4D44
KON 39.359259 05 507D 4D44
KON 39.380752 06 5049 4C44
KON 39.526653 07 507D 4D44
KON 39.561426 08 5049 4C44
KON 39.693870 12 007D 456F
KON 39.694290 16 008D 4699
KON 39.697344 28 007F 4486
KON 39.697772 43 008F 4588
KON 39.700947 44 0077 31A6
KON 39.701367 46 0089 38A3
KON 39.702623 47 007B 3CA0
KON 39.703043 48 008D 4399
KON 39.703631 52 507D 4D44
KON 39.728401 60 5049 4C44
KON 39.748918 62 5086 4D44
KON 39.869003 00 507D 4D44
KON 39.901391 02 5049 4C44
KON 40.034837 03 007F 4486
KON 40.035257 21 008F 4588
KON 40.036277 22 007D 456F
KON 40.036697 24 008D 4699
KON 40.037735 25 007B 3CA0
KON 40.038164 49 008D 4399
KON 40.041294 51 0077 31A6
KON 40.041715 59 0089 38A3
KON 40.042865 09 507D 4D44
KON 40.075907 10 5049 4C44
KON 40.076476 11 5086 4D44
KON 40.200404 15 507D 4D44
KON 40.234540 17 5049 4C44
KON 40.367610 18 007B 3CA0
KON 40.368052 19 008D 4399
KON 40.369068 20 007D 456F
KON 40.369488 23 008D 4699
KON 40.370513 27 007F 4486
KON 40.370955 32 008F 4588
KON 40.372549 42 0077 31A6
KON 40.372969 54 0089 38A3
KON 40.374156 30 507D 4D44
KON 40.409852 01 5049 4C44
KON 40.415639 13 5086 4D44
KON 40.534390 14 007D 456F
KON 40.534810 29 008D 4699
KON 40.535835 31 007F 4486
KON 40.536255 33 008F 4588
KON 40.537272 55 0077 31A6
KON 40.537722 56 0089 38A3
KON 40.539939 57 007B 3AA0
KON 40.540381 58 008B 3BBE
KON 40.541560 34 507D 4D44
KON 40.568227 35 5049 4C44
KON 40.581995 53 5086 4D44
KON 40.700221 36 007D 456F
KON 40.700641 37 008D 4699
KON 40.701688 38 007F 4486
KON 40.702108 39 008F 4588
KON 40.705233 40 007B 38A0
KON 40.705662 41 008B 39BE
KON 40.707073 45 1048 4780
KON 40.708182 50 0077 30A6
KON 40.708603 61 0089 37A3
KON 40.709680 63 100A 3891
KON 40.710268 05 507D 4D44
KON 40.729043 06 6012 124E
KON 40.734366 07 5049 4C44
KON 40.749613 08 5027 4D44
KON 40.750183 52 5086 4D44
KON 40.867580 43 007B 3DA0
KON 40.868000 44 008D 4499
KON 40.869017 46 007F 4486
KON 40.869437 47 008F 4588
KON 40.876644 48 1049 4880
KON 40.877897 60 007B 38A0
KON 40.878317 62 008B 39BE
KON 40.879333 12 0077 31A6
KON 40.879754 16 0089 38A3
KON 40.880626 28 1009 3C8C
KON 40.881205 00 507D 4D44
KON 40.901631 02 6012 174E
KON 40.902879 03 5049 4C44
KON 40.908701 09 5086 4D44
KON 40.915715 10 5027 4D44
KON 41.040766 11 507D 4D44
KON 41.060774 21 1020 4080
KON 41.069169 22 1021 4380
KON 41.070154 24 1020 3E80
KON 41.071007 25 209E 4080
KON 41.073947 49 20A0 4880
KON 41.082141 51 5049 4C44
KON 41.137901 59 5049 4C44
KON 41.207742 15 007F 4486
KON 41.208162 17 008F 4588
KON 41.209178 01 007B 3DA0
KON 41.209598 13 008D 4499
KON 41.210622 30 007B 38A0
KON 41.211064 32 008B 39BE
KON 41.212085 42 0077 31A6
KON 41.212512 54 0089 38A3
KON 41.214097 18 507D 4D44
KON 41.227492 19 1021 4380
KON 41.228666 20 5086 4D44
KON 41.235043 23 1020 4080
KON 41.236032 27 1020 3E80
KON 41.236884 34 20A0 4880
KON 41.241415 53 5049 4C44
KON 41.247943 04 209E 4080
KON 41.373419 26 507D 4D44
KON 41.394754 29 5049 4C44
KON 41.541877 31 007F 4486
KON 41.542298 33 008F 4588
KON 41.543313 35 007B 3DA0
KON 41.543742 55 008D 4499
KON 41.544780 56 007B 38A0
KON 41.545200 57 008B 39BE
KON 41.546220 58 0077 31A6
KON 41.546696 05 0089 38A3
KON 41.547890 14 507D 4D44
KON 41.554498 36 1021 4380
KON 41.555465 37 1020 3E80
KON 41.556459 38 1020 4080
KON 41.567977 39 5049 4C44
KON 41.575442 40 5086 4D44
KON 41.596325 41 20A0 4880
KON 41.597175 50 209E 4080
KON 41.707082 52 507D 4D44
KON 41.727488 61 5049 4C44
KON 41.873714 63 507D 4D44
KON 41.909442 07 5049 4C44
KON 42.048794 08 007B 3DA0
KON 42.049236 45 008D 4499
KON 42.050476 00 007F 4486
KON 42.050896 03 008F 4588
KON 42.051938 06 0077 31A6
KON 42.052359 09 0089 38A3
KON 42.053375 28 007B 38A0
KON 42.053804 43 008B 39BE
KON 42.056541 44 507D 4D44
KON 42.074806 46 5049 4C44
KON 42.081817 47 1020 4080
KON 42.083048 60 5086 4D44
KON 42.089040 62 1021 4380
KON 42.090008 10 1020 3E80
KON 42.117223 12 20A0 4880
KON 42.118090 16 209E 4080
KON 42.213631 51 507D 4D44
KON 42.248845 11 5049 4C44
KON 42.381969 21 007F 4486
KON 42.382389 22 008F 4588
KON 42.383436 24 007B 3DA0
KON 42.383856 25 008D 4499
KON 42.384872 49 007B 38A0
KON 42.385292 59 008B 39BE
KON 42.386334 18 0077 31A6
KON 42.386810 20 0089 38A3
KON 42.388297 53 507D 4D44
KON 42.416212 01 1021 4380
KON 42.417428 04 1020 4080
KON 42.418399 13 1020 3E80
KON 42.418981 15 5086 4D44
KON 42.422182 17 5049 4C44
KON 42.428689 19 20A0 4880
KON 42.442977 23 209E 4080
KON 42.465233 27 5007 33D1
KON 42.465813 30 409D 41C0
KON 42.548660 32 5007 37D1
KON 42.549231 34 409D 4240
KON 42.550416 42 507D 4D44
KON 42.588604 54 5049 4C44
KON 42.630380 26 5007 3AD1
KON 42.630951 29 409D 42A0
KON 42.715359 14 007B 38A0
KON 42.715779 33 008B 39BE
KON 42.716794 35 007B 3DA0
KON 42.717236 36 008D 4499
KON 42.720500 37 007F 4486
KON 42.720975 38 008F 4588
KON 42.722231 39 0077 31A6
KON 42.722652 40 0089 38A3
KON 42.723826 50 5007 35D1
KON 42.724397 55 409D 4200
KON 42.725586 56 5007 3FD1
KON 42.726148 57 409D 4340
KON 42.726734 58 507D 4D44
KON 42.742238 05 5027 4D44
KON 42.749192 31 1021 4380
KON 42.750163 41 1020 4080
KON 42.751152 52 1020 3E80
KON 42.751996 61 209E 4080
KON 42.757004 63 5049 4C44
KON 42.757573 07 5086 4D44
KON 42.762738 43 20A0 4880
KON 42.799968 44 5007 38D1
KON 42.800539 45 409D 4260
KON 42.801707 46 5009 4C80
KON 42.802270 60 409D 43C0
KON 42.883014 62 007B 3DA0
KON 42.883443 00 008D 4499
KON 42.884459 03 007F 4486
KON 42.884879 06 008F 4588
KON 42.885920 08 0077 31A6
KON 42.886341 09 0089 38A3
KON 42.888028 10 007B 38A0
KON 42.888503 16 008B 39BE
KON 42.889912 28 5007 3CD1
KON 42.890483 47 409D 42E0
KON 42.894049 51 5009 4F80
KON 42.894612 11 409D 4420
KON 42.895198 12 507D 4D44
KON 42.914520 49 20A0 4C80
KON 42.923634 53 1020 3E80
KON 42.924682 59 1021 4380
KON 42.925924 01 1020 4080
KON 42.927050 04 209F 4380
KON 42.929002 13 5086 4D44
KON 42.929876 15 5049 4C44
KON 42.930445 17 503D 504D
KON 42.972810 18 5008 42C6
KON 42.973381 19 409D 4380
KON 42.974611 20 500B 5480
KON 42.975173 21 409D 44C0
KON 43.049515 22 007B 3DA0
KON 43.049935 23 008D 4499
KON 43.051792 24 007F 4486
KON 43.052212 25 008F 4588
KON 43.054942 27 007B 38A0
KON 43.055362 30 008B 39BE
KON 43.056387 32 0077 31A6
KON 43.056808 34 0089 38A3
KON 43.058003 42 5009 4D80
KON 43.058574 54 409D 43E0
KON 43.059762 58 500B 5880
KON 43.060402 05 409D 4540
KON 43.061551 07 507D 4D44
KON 43.082228 26 20A0 4F80
KON 43.084266 29 5049 4C44
KON 43.084857 33 5086 4D44
KON 43.091376 35 1021 4380
KON 43.092368 36 1020 3E80
KON 43.093378 37 1020 4080
KON 43.096410 38 20A0 4880
KON 43.097561 39 5044 4F67
KON 43.140030 40 500A 5029
KON 43.140601 41 409D 4460
KON 43.141810 43 500B 5B80
KON 43.142373 50 409D 45A0
KON 43.223500 52 007B 3DA0
KON 43.223920 55 008D 4499
KON 43.224937 56 007F 4486
KON 43.225357 57 008F 4588
KON 43.226398 61 007B 38A0
KON 43.226818 63 008B 39BE
KON 43.227881 14 0077 31A6
KON 43.228339 31 0089 38A3
KON 43.229538 44 500B 5680
KON 43.230161 45 409D 4500
KON 43.231594 46 500B 6080
KON 43.232165 60 409D 4640
KON 43.233453 00 5059 524D
KON 43.234068 01 507D 4D44
KON 43.249908 03 5049 4C44
KON 43.257111 06 20A1 5480
KON 43.261109 08 5086 4D44
KON 43.278684 09 5059 524D
KON 43.286026 10 20A0 4C80
KON 43.287265 11 5056 534D
KON 43.389917 12 507D 4D44
KON 43.429324 13 5049 4C44
KON 43.485011 15 5049 4C44
KON 43.556591 16 007F 4486
KON 43.557011 17 008F 4588
KON 43.558031 28 007B 3DA0
KON 43.558451 47 008D 4499
KON 43.559488 49 007B 38A0
KON 43.559917 51 008B 39BE
KON 43.560971 53 0077 31A6
KON 43.561429 59 0089 38A3
KON 43.563357 62 507D 4D44
KON 43.589665 04 5086 4D44
KON 43.590310 07 5049 4C44
KON 43.722591 18 507D 4D44
KON 43.741962 19 5049 4C44
KON 43.888150 20 007F 4486
KON 43.888570 21 008F 4588
KON 43.889594 22 007B 3DA0
KON 43.890014 23 008D 4499
KON 43.891052 24 007B 38A0
KON 43.891481 25 008B 39BE
KON 43.892498 27 0077 31A6
KON 43.892918 29 0089 38A3
KON 43.896333 30 507D 4D44
KON 43.925697 32 5049 4C44
KON 43.929433 33 5086 4D44
KON 44.055049 34 507D 4D44
KON 44.074956 39 5049 4C44
KON 44.222784 48 507D 4D44
KON 44.263564 54 5049 4C44
KON 44.395381 58 007B 3DA0
KON 44.395839 05 008D 4499
KON 44.396910 26 007F 4486
KON 44.397330 35 008F 4588
KON 44.398570 36 0077 31A6
KON 44.399028 37 0089 38A3
KON 44.400070 38 007B 38A0
KON 44.400490 40 008B 39BE
KON 44.401364 41 507D 4D44
KON 44.429554 42 5049 4C44
KON 44.437237 43 5086 4D44
KON 44.564609 50 507D 4D44
KON 44.604326 00 5049 4C44
KON 44.728940 01 007F 4486
KON 44.729390 03 008F 4588
KON 44.730406 08 007B 3DA0
KON 44.730826 44 008D 4499
KON 44.731847 45 007B 38A0
KON 44.732289 46 008B 39BE
KON 44.733306 52 0077 31A6
KON 44.733772 55 0089 38A3
KON 44.737448 56 507D 4D44
KON 44.769285 57 5049 4C44
KON 44.776500 60 5086 4D44
KON 44.896268 61 507D 4D44
KON 44.936912 63 5049 4C44
KON 45.062576 06 007B 38A0
KON 45.062996 09 008B 39BE
KON 45.064039 10 007B 3DA0
KON 45.064459 11 008D 4499
KON 45.065484 14 007F 4486
KON 45.065904 31 008F 4588
KON 45.067507 12 0077 31A6
KON 45.067965 13 0089 38A3
KON 45.070070 15 40B9 2D80
KON 45.072780 49 507D 4D44
KON 45.104886 51 5049 4C44
KON 45.140222 53 5086 4D44
KON 45.237948 59 007B 3DA0
KON 45.238368 62 008D 4499
KON 45.240045 04 007F 4486
KON 45.240465 07 008F 4588
KON 45.241548 16 0077 31A6
KON 45.241969 17 0089 38A3
KON 45.242985 28 007B 38A0
KON 45.243405 47 008B 39BE
KON 45.245002 18 40B8 2B80
KON 45.245581 19 507D 4D44
KON 45.284008 20 5049 4C44
KON 45.301606 21 5086 4D44
KON 45.405917 22 007B 3DA0
KON 45.406337 23 008D 4499
KON 45.407445 24 007F 4486
KON 45.407874 25 008F 4588
KON 45.409117 27 007B 38A0
KON 45.409545 29 008B 39BE
KON 45.411187 30 0077 31A6
KON 45.411616 32 0089 38A3
KON 45.412447 33 40B6 1F80
KON 45.413026 34 507D 4D44
KON 45.435801 39 5049 4C44
KON 45.455995 48 5086 4D44
KON 45.576154 54 206D 3C80
KON 45.576806 41 206D 3C98
KON 45.577992 26 0079 3B7E
KON 45.578413 35 0089 3CA3
KON 45.579541 36 007B 38A0
KON 45.579970 37 008B 39BE
KON 45.581008 38 0077 2CA6
KON 45.581429 40 0087 2ED3
KON 45.582449 42 0077 31A6
KON 45.582870 43 0089 38A3
KON 45.584778 58 7008 35EC
KON 45.585239 05 7018 35EC
KON 45.586292 50 7008 38EC
KON 45.586774 00 7018 38EC
KON 45.587834 52 7005 2CDD
KON 45.588294 55 7015 2CDD
KON 45.590827 56 7007 34C1
KON 45.591324 57 7017 34C1
KON 45.592185 60 303C 4080
KON 45.598970 01 5027 4D44
KON 45.599531 03 5065 4D44
KON 45.600167 08 5049 4C44
KON 45.606669 44 2074 4080
KON 45.607283 45 2074 4098
KON 45.609398 46 2073 3B80
KON 45.610011 61 2073 3B98
KON 45.611270 63 206C 3780
KON 45.611883 49 206C 3798
KON 45.613158 51 206C 2480
KON 45.613794 31 206C 2498
KON 45.615021 53 40B7 2480
KON 45.736174 06 5049 4C44
KON 45.902540 09 5049 4C44
KON 45.916519 10 40B8 2B80
KON 45.922961 11 508D 4EBC
KON 46.069263 12 5049 4C44
KON 46.081463 13 40BA 3080
KON 46.089419 14 508D 4EBC
KON 46.237288 15 5035 4D44
KON 46.237904 19 5049 4C44
KON 46.403675 04 5049 4C44
KON 46.414719 07 40B8 2B80
KON 46.569914 16 508D 4EBC
KON 46.576171 17 40BA 3080
KON 46.579989 20 5027 4D44
KON 46.580633 21 5049 4C44
KON 46.611096 28 2075 4A80
KON 46.611709 47 2075 4A98
KON 46.612948 59 2075 4C80
KON 46.613583 62 2075 4C98
KON 46.614822 18 2075 4F80
KON 46.615435 22 2075 4F98
KON 46.742590 23 5049 4C44
KON 46.910450 24 5049 4C44
KON 47.075468 25 5049 4C44
KON 47.244271 27 5049 4C44
KON 47.409473 29 5049 4C44
KON 47.567588 30 303C 4380
KON 47.584408 32 5035 4D44
KON 47.585033 34 5049 4C44
KON 47.595577 39 40B8 2B80
KON 47.603790 48 2074 4380
KON 47.604403 33 2074 4398
KON 47.751616 01 5049 4C44
KON 47.901240 03 40B7 2480
KON 47.919586 08 0077 2EA6
KON 47.920006 06 0087 30D3
KON 47.921031 09 0079 397E
KON 47.921451 11 0089 3AA3
KON 47.922584 53 0079 3C7E
KON 47.923051 10 008B 37BE
KON 47.924101 12 7006 2AA4
KON 47.924562 14 7016 2AA4
KON 47.925637 19 7007 36C1
KON 47.926097 13 7017 36C1
KON 47.927177 15 7008 36EC
KON 47.927659 04 7018 36EC
KON 47.928540 07 303C 4180
KON 47.932740 16 206C 3080
KON 47.933362 20 206C 3098
KON 47.936312 21 5027 4D44
KON 47.936950 23 5049 4C44
KON 47.937588 24 5049 4C44
KON 47.944671 25 2074 3E80
KON 47.945284 27 2074 3E98
KON 47.946581 60 2073 3980
KON 47.947195 29 2073 3998
KON 47.948475 17 2074 3C80
KON 47.949110 32 2074 3C98
KON 47.950389 34 2074 4180
KON 47.951002 01 2074 4198
KON 48.082374 35 5049 4C44
KON 48.242301 36 508D 4EBC
KON 48.252111 37 5049 4C44
KON 48.276642 38 40B8 2B80
KON 48.415444 39 5049 4C44
KON 48.428773 40 40BA 3080
KON 48.430010 48 508D 4EBC
KON 48.582907 49 5035 4D44
KON 48.589639 50 5049 4C44
KON 48.755954 52 5049 4C44
KON 48.775936 54 40B8 2B80
KON 48.916074 55 508D 4EBC
KON 48.924056 58 5027 4D44
KON 48.924723 61 5049 4C44
KON 48.936265 63 2075 4880
KON 48.936900 00 2075 4898
KON 48.940023 05 40BA 3080
KON 48.943305 21 2075 4A80
KON 48.943919 23 2075 4A98
KON 48.945157 24 2075 4D80
KON 48.945792 26 2075 4D98
KON 49.089390 30 5049 4C44
KON 49.256179 33 5049 4C44
KON 49.422477 41 5049 4C44
KON 49.450645 44 303C 4080
KON 49.590953 45 5049 4C44
KON 49.618839 46 303C 4180
KON 49.761945 59 5027 4D44
KON 49.772763 62 5049 4C44
KON 49.801302 18 303E 4880
KON 49.928278 22 5035 4D44
KON 49.933846 28 5049 4C44
KON 50.101176 35 303C 4080
KON 50.103917 47 5049 4C44
KON 50.269231 03 303C 4380
KON 50.272197 36 5027 4D44
KON 50.280185 37 5049 4C44
KON 50.287911 38 2074 3C80
KON 50.288524 39 2074 3C98
KON 50.289783 48 206C 3780
KON 50.290397 40 206C 3798
KON 50.294044 49 2074 4080
KON 50.294658 50 2074 4098
KON 50.295933 02 206C 2480
KON 50.296547 52 206C 2498
KON 50.297379 54 40B7 2480
KON 50.298672 55 2073 3B80
KON 50.299294 58 2073 3B98
KON 50.440854 61 5049 4C44
KON 50.604281 30 0079 3B7E
KON 50.604701 33 0089 3CA3
KON 50.605718 41 0077 2CA6
KON 50.606138 45 0087 2ED3
KON 50.607728 07 7008 35EC
KON 50.608188 44 7018 35EC
KON 50.609247 46 7005 2CDD
KON 50.609730 59 7015 2CDD
KON 50.616316 62 5049 4C44
KON 50.621996 18 508D 4EBC
KON 50.654614 22 40B8 2B80
KON 50.774127 28 5049 4C44
KON 50.788979 47 508D 4EBC
KON 50.812394 05 40BA 3080
KON 50.941453 19 5035 4D44
KON 50.942083 35 5049 4C44
KON 51.099410 36 5049 4C44
KON 51.125242 37 40B8 2B80
KON 51.256875 53 40BA 3080
KON 51.270648 01 508D 4EBC
KON 51.281807 04 206E 4F80
KON 51.282451 06 206E 4F98
KON 51.288484 08 5027 4D44
KON 51.289106 09 5049 4C44
KON 51.300042 10 2075 4C80
KON 51.300663 11 2075 4C98
KON 51.301915 12 2075 4A80
KON 51.302529 13 2075 4A98
KON 51.438949 14 5049 4C44
KON 51.605658 15 5049 4C44
KON 51.769779 16 5049 4C44
KON 51.929479 17 206C 3080
KON 51.930093 20 206C 3098
KON 51.939142 25 5049 4C44
KON 52.107556 27 5049 4C44
KON 52.270039 29 303C 4080
KON 52.280066 31 5035 4D44
KON 52.282959 32 5049 4C44
KON 52.284128 34 40B8 2B80
KON 52.320346 51 206D 4380
KON 52.320967 60 206D 4398
KON 52.445646 61 5049 4C44
KON 52.487733 62 303C 4180
KON 52.555991 18 303C 4080
KON 52.569874 54 40B7 2480
KON 52.618603 47 0077 2EA6
KON 52.619024 22 0087 30D3
KON 52.620090 28 0079 3C7E
KON 52.620510 19 008B 37BE
KON 52.621590 35 0077 2FA6
KON 52.622019 05 0087 31D3
KON 52.624475 36 7006 2AA4
KON 52.624973 37 7016 2AA4
KON 52.628665 01 7008 36EC
KON 52.629125 08 7018 36EC
KON 52.630227 09 7006 2BA4
KON 52.630688 14 7016 2BA4
KON 52.631276 15 5027 4D44
KON 52.633475 16 206C 3A80
KON 52.634135 25 206C 3A98
KON 52.635011 03 303C 3E80
KON 52.636450 27 5049 4C44
KON 52.646245 53 206D 4180
KON 52.646868 31 206D 4198
KON 52.648139 32 2074 3E80
KON 52.648761 61 2074 3E98
KON 52.654429 29 206C 3980
KON 52.655051 00 206C 3998
KON 52.656425 23 206C 3080
KON 52.657047 26 206C 3098
KON 52.786549 34 5049 4C44
KON 52.939783 62 508D 4EBC
KON 52.944300 18 0079 397E
KON 52.944742 30 0089 3AA3
KON 52.948107 33 7007 36C1
KON 52.948567 41 7017 36C1
KON 52.949871 42 5049 4C44
KON 52.957786 43 40B8 2B80
KON 53.112075 44 5049 4C44
KON 53.122925 45 40BA 3080
KON 53.133087 46 508D 4EBC
KON 53.279411 56 5035 4D44
KON 53.286519 57 5049 4C44
KON 53.430091 59 40B8 2B80
KON 53.453193 07 5049 4C44
KON 53.595192 15 40BA 3080
KON 53.610693 17 508D 4EBC
KON 53.617669 20 5027 4D44
KON 53.618291 21 5049 4C44
KON 53.645947 24 2075 4880
KON 53.646568 27 2075 4898
KON 53.647798 38 2075 4A80
KON 53.648420 39 2075 4A98
KON 53.649671 40 2075 4D80
KON 53.650293 48 2075 4D98
KON 53.783283 49 5049 4C44
KON 53.950640 50 5049 4C44
KON 54.120376 51 5049 4C44
KON 54.159805 55 40BA 3480
KON 54.292407 58 5049 4C44
KON 54.317645 60 40BA 3280
KON 54.453463 63 5049 4C44
KON 54.485698 04 40BA 3080
KON 54.630700 06 5027 4D44
KON 54.631277 10 5035 4D44
KON 54.631899 11 5049 4C44
KON 54.637913 12 40B8 2B80
KON 54.792139 13 40B6 1F80
KON 54.793921 34 504B 4C44
KON 54.937749 54 206C 2480
KON 54.938363 42 206C 2498
KON 54.945142 62 206D 3C80
KON 54.945755 43 206D 3C98
KON 54.954357 44 206D 4080
KON 54.954978 46 206D 4098
KON 54.956228 45 206C 3B80
KON 54.956873 56 206C 3B98
KON 54.958143 57 206C 3780
KON 54.958757 07 206C 3798
KON 54.966005 59 007B 38A0
KON 54.966425 17 008B 39BE
KON 54.971911 20 0077 2CA6
KON 54.972332 21 0087 2ED3
KON 54.974336 49 0077 31A6
KON 54.974757 50 0089 38A3
KON 54.975879 51 7008 38EC
KON 54.976376 15 7018 38EC
KON 54.977457 55 7005 2CDD
KON 54.977918 58 7015 2CDD
KON 54.978969 60 7007 34C1
KON 54.979437 63 7017 34C1
KON 54.980310 03 303C 4080
KON 54.994351 04 40B7 2480
KON 55.001388 06 5027 4D44
KON 55.002035 10 5049 4C44
KON 55.134081 11 5049 4C44
KON 55.299341 12 0079 3B7E
KON 55.299762 34 0089 3CA3
KON 55.300811 01 7008 35EC
KON 55.301302 05 7018 35EC
KON 55.310107 08 5049 4C44
KON 55.321390 09 40B8 2B80
KON 55.327558 13 508D 4EBC
KON 55.467703 14 5049 4C44
KON 55.496286 16 40BA 3080
KON 55.503176 18 508D 4EBC
KON 55.632261 19 5035 4D44
KON 55.632906 22 5049 4C44
KON 55.798048 23 5049 4C44
KON 55.824737 25 40B8 2B80
KON 55.965299 26 5027 4D44
KON 55.965930 28 5049 4C44
KON 55.971231 29 508D 4EBC
KON 55.977808 30 40BA 3080
KON 55.992051 31 2075 4C80
KON 55.992665 32 2075 4C98
KON 55.999584 33 2075 4A80
KON 56.000198 35 2075 4A98
KON 56.001426 36 206E 4F80
KON 56.002070 37 206E 4F98
KON 56.131065 41 5049 4C44
KON 56.297760 47 5049 4C44
KON 56.464467 52 5049 4C44
KON 56.633405 53 5049 4C44
KON 56.805881 61 5049 4C44
KON 56.956747 00 303C 4380
KON 56.972918 02 5035 4D44
KON 56.973535 06 5049 4C44
KON 56.977489 10 40B8 2B80
KON 56.985635 24 2074 4380
KON 56.986249 27 2074 4398
KON 57.138945 38 5049 4C44
KON 57.298505 39 206C 2480
KON 57.299119 40 206C 2498
KON 57.306055 48 206D 3C80
KON 57.306677 11 206D 3C98
KON 57.308954 04 2074 4180
KON 57.309589 08 2074 4198
KON 57.310694 13 303C 4180
KON 57.311296 09 5027 4D44
KON 57.311912 14 5049 4C44
KON 57.314761 18 2074 4580
KON 57.315375 16 2074 4598
KON 57.316614 19 2074 4080
KON 57.317249 22 2074 4098
KON 57.318074 23 40B7 2480
KON 57.471592 25 5049 4C44
KON 57.641296 26 0079 3C7E
KON 57.641716 28 008B 37BE
KON 57.642737 29 0075 3093
KON 57.643179 41 0087 2CD3
KON 57.644195 47 007B 3AA0
KON 57.644698 52 008B 3BBE
KON 57.645862 53 7008 36EC
KON 57.646330 61 7018 36EC
KON 57.647605 03 7005 2ADD
KON 57.648087 30 7015 2ADD
KON 57.649142 51 7009 3624
KON 57.649602 55 7019 3624
KON 57.650283 58 5049 4C44
KON 57.651125 59 40B8 2B80
KON 57.672217 02 508D 4EBC
KON 57.804621 06 5049 4C44
KON 57.832303 15 40BA 3080
KON 57.838998 17 508D 4EBC
KON 57.972053 20 5035 4D44
KON 57.978334 21 5049 4C44
KON 58.151016 38 5049 4C44
KON 58.155031 00 40B8 2B80
KON 58.313212 09 40BA 3080
KON 58.316811 10 5027 4D44
KON 58.317428 14 5049 4C44
KON 58.322597 24 2075 4880
KON 58.323211 27 2075 4898
KON 58.324363 31 508D 4EBC
KON 58.330161 32 2075 4A80
KON 58.330783 33 2075 4A98
KON 58.332033 35 206E 4D80
KON 58.332655 36 206E 4D98
KON 58.479771 37 5049 4C44
KON 58.650006 42 5049 4C44
KON 58.813395 43 5049 4C44
KON 58.985391 44 5049 4C44
KON 59.164897 45 5027 4D44
KON 59.165514 46 5049 4C44
KON 59.313530 54 303D 4580
KON 59.325489 56 5035 4D44
KON 59.326133 57 5049 4C44
KON 59.333189 62 40B8 2B80
KON 59.485677 07 504B 4C44
KON 59.637834 25 2074 3E80
KON 59.638447 23 2074 3E98
KON 59.639707 58 206C 3B80
KON 59.640320 02 206C 3B98
KON 59.646273 59 2074 4380
KON 59.646887 06 2074 4398
KON 59.648187 17 206C 2480
KON 59.648800 15 206C 2498
KON 59.650078 20 206C 3780
KON 59.650692 21 206C 3798
KON 59.651679 38 303C 4380
KON 59.658798 00 40B7 2480
KON 59.660782 31 5027 4D44
KON 59.661420 10 5049 4C44
KON 59.818368 14 5049 4C44
KON 59.986249 37 007B 38A0
KON 59.986669 42 008B 39BE
KON 59.988477 43 0079 397E
KON 59.988897 44 0089 3AA3
KON 59.992701 13 0077 2CA6
KON 59.993150 45 0087 2ED3
KON 59.994263 46 7008 38EC
KON 59.994723 56 7018 38EC
KON 59.996038 57 7007 36C1
KON 59.996498 09 7017 36C1
KON 59.997586 07 7005 2CDD
KON 59.998152 51 7015 2CDD
KON 60.001010 52 5049 4C44
KON 60.002096 53 40B8 2B80
KON 60.013268 54 508D 4EBC
KON 60.144805 55 40BA 3080
KON 60.159774 61 5049 4C44
KON 60.200096 62 508D 4EBC
KON 60.328057 03 5035 4D44
KON 60.328693 10 5049 4C44
KON 60.492799 16 5049 4C44
KON 60.498145 18 40B8 2B80
KON 60.659195 19 40BA 3080
KON 60.664274 22 5027 4D44
KON 60.664890 24 5049 4C44
KON 60.665534 26 508D 4EBC
KON 60.666780 27 2075 4A80
KON 60.667394 28 2075 4A98
KON 60.668628 29 2075 4880
KON 60.669241 30 2075 4898
KON 60.672565 31 206E 4D80
KON 60.673179 32 206E 4D98
KON 60.825458 33 5049 4C44
KON 60.992180 35 0077 30A6
KON 60.992622 36 0089 37A3
KON 60.993681 39 7006 2CA4
KON 60.994141 40 7016 2CA4
KON 60.999497 41 5049 4C44
KON 61.158314 47 5049 4C44
KON 61.328188 48 5049 4C44
KON 61.500867 04 5049 4C44
KON 61.540153 08 303C 4180
KON 61.666533 11 5035 4D44
KON 61.667180 14 5049 4C44
KON 61.678838 34 40B8 2B80
KON 61.721462 52 303C 4080
KON 61.833077 54 5049 4C44
KON 61.853502 00 303C 3E80
KON 61.992842 01 206D 4080
KON 61.993455 05 206D 4098
KON 61.994684 12 206D 3C80
KON 61.995306 53 206D 3C98
KON 61.996557 61 206C 2480
KON 61.997179 62 206C 2498
KON 62.001700 55 206C 3780
KON 62.002313 03 206C 3798
KON 62.004599 10 206C 3B80
KON 62.005280 16 206C 3B98
KON 62.006422 18 0077 31A6
KON 62.006843 22 0089 38A3
KON 62.008133 24 7007 34C1
KON 62.008594 26 7017 34C1
KON 62.009720 33 303C 4080
KON 62.010300 41 5027 4D44
KON 62.010930 47 5049 4C44
KON 62.012872 48 40B7 2480
KON 62.168023 38 5049 4C44
KON 62.337045 04 0079 3B7E
KON 62.337487 19 0089 3CA3
KON 62.343993 08 7008 35EC
KON 62.344509 11 7018 35EC
KON 62.346770 14 5049 4C44
KON 62.355832 52 40B8 2B80
KON 62.362924 54 508D 4EBC
KON 62.508371 34 5049 4C44
KON 62.522497 37 40BA 3080
KON 62.536567 42 508D 4EBC
KON 62.673147 56 5035 4D44
KON 62.673805 57 5049 4C44
KON 62.839855 58 5049 4C44
KON 62.859620 59 40B8 2B80
KON 63.006859 00 5027 4D44
KON 63.007490 02 5049 4C44
KON 63.012998 06 508D 4EBC
KON 63.026107 09 40BA 3080
KON 63.035458 15 2075 4C80
KON 63.036072 17 2075 4C98
KON 63.037302 20 2075 4A80
KON 63.037923 21 2075 4A98
KON 63.039173 23 206E 4F80
KON 63.039795 25 206E 4F98
KON 63.172360 27 5049 4C44
KON 63.340215 28 5049 4C44
KON 63.506766 29 5049 4C44
KON 63.680059 30 5049 4C44
KON 63.846764 31 5049 4C44
KON 64.014401 32 5035 4D44
KON 64.015062 41 5049 4C44
KON 64.019482 43 40B8 2B80
KON 64.180009 44 5049 4C44
KON 64.346687 46 40B7 2480
KON 64.348671 47 5027 4D44
KON 64.351530 38 5049 4C44
KON 64.512473 48 5049 4C44
KON 64.680692 49 40B8 2B80
KON 64.686556 50 5049 4C44
KON 64.852597 54 40BA 3080
KON 64.854226 60 5049 4C44
KON 65.006260 63 5035 4D44
KON 65.019882 14 5049 4C44
KON 65.187085 52 40B8 2B80
KON 65.188283 34 5049 4C44
KON 65.339409 42 5027 4D44
KON 65.353276 37 40BA 3080
KON 65.354535 56 5049 4C44
KON 65.520175 57 5049 4C44
KON 65.687280 58 5049 4C44
KON 65.853400 59 40B8 2B80
KON 65.860309 00 5049 4C44
KON 66.026818 02 40B7 2480
KON 66.028010 06 5049 4C44
KON 66.194802 27 40B6 2380
KON 66.196472 28 5049 4C44
KON 66.348738 35 5035 4D44
KON 66.367825 36 40B6 2180
KON 66.372127 39 5049 4C44
KON 66.526250 40 40B6 1F80
KON 66.527414 29 5044 4F67
KON 66.533442 30 5049 4C44
KON 66.694585 31 40B7 2480
KON 66.695966 32 5027 4D44
KON 66.700844 41 5059 524D
KON 66.706729 09 4039 247E
KON 66.707145 43 4071 308A
KON 66.707561 44 408B 489A
KON 66.721313 33 5056 534D
KON 67.033262 38 5035 4D44
KON 67.047078 47 403C 407E
KON 67.047493 48 4077 4C8A
KON 67.047931 46 408F 649A
KON 67.055730 50 4039 377E
KON 67.056146 49 4074 438A
KON 67.056570 60 408F 5B9A
KON 67.367299 54 5035 4D44
KON 67.387921 63 403C 407E
KON 67.388345 14 4077 4C8A
KON 67.388783 34 408F 649A
KON 67.389983 42 4039 377E
KON 67.390408 52 4074 438A
KON 67.390824 56 408F 5B9A
KON 67.700407 57 5027 4D44
KON 67.707534 58 4039 247E
KON 67.707950 00 4071 308A
KON 67.708388 37 408B 489A
KON 67.713502 59 40B6 1F80
KON 68.033818 06 5035 4D44
KON 68.041438 28 403C 407E
KON 68.041854 02 4077 4C8A
KON 68.042269 04 408F 649A
KON 68.047303 07 4039 377E
KON 68.047727 08 4074 438A
KON 68.048143 11 408F 5B9A
KON 68.359640 13 4061 4370
KON 68.360056 18 405C 438C
KON 68.360472 19 4061 4380
KON 68.374256 22 403C 407E
KON 68.374672 24 4077 4C8A
KON 68.375088 26 408F 649A
KON 68.376255 27 5035 4D44
KON 68.382451 35 4039 377E
KON 68.382867 39 4074 438A
KON 68.383283 45 408F 5B9A
KON 68.463701 51 4061 4270
KON 68.464117 36 405C 428C
KON 68.464533 53 4061 4280
KON 68.575698 55 4061 4170
KON 68.576123 61 405B 418C
KON 68.576560 62 4061 4180
KON 68.686951 01 4061 4070
KON 68.687367 03 405B 408C
KON 68.687783 05 4061 4080
KON 68.693119 10 4039 247E
KON 68.693535 12 4071 308A
KON 68.693951 15 408B 489A
KON 68.707071 16 5027 4D44
KON 68.713863 17 40B7 2480
KON 68.832450 20 4061 4170
KON 68.832866 21 405B 418C
KON 68.833282 23 4061 4180
KON 68.998626 25 4061 4270
KON 68.999042 29 405C 428C
KON 68.999458 30 4061 4280
KON 69.027258 32 403C 407E
KON 69.027674 40 4077 4C8A
KON 69.028090 41 408F 649A
KON 69.033786 33 4039 377E
KON 69.034202 31 4074 438A
KON 69.034618 09 408F 5B9A
KON 69.040067 38 5035 4D44
KON 69.158480 43 4061 4370
KON 69.158896 44 405C 438C
KON 69.159312 46 4061 4380
KON 69.352654 47 4064 4F70
KON 69.353091 48 4060 4F8C
KON 69.353507 49 4064 4F80
KON 69.360417 50 4039 377E
KON 69.360833 60 4074 438A
KON 69.361248 54 408F 5B9A
KON 69.362480 34 403C 407E
KON 69.362895 42 4077 4C8A
KON 69.363311 52 408F 649A
KON 69.381256 56 5035 4D44
KON 69.521385 63 4063 4C70
KON 69.521801 14 405F 4C8C
KON 69.522225 57 4063 4C80
KON 69.696470 59 4063 4D70
KON 69.696886 00 4060 4D8C
KON 69.697301 06 4063 4D80
KON 69.698509 37 4039 267E
KON 69.698925 58 4071 328A
KON 69.699362 07 408C 4A9A
KON 69.709333 08 40B8 2680
KON 69.715231 11 5027 4D44
KON 69.966261 28 403A 397E
KON 69.966685 02 4074 458A
KON 69.967101 04 408F 5D9A
KON 69.968302 27 403C 417E
KON 69.968748 35 4077 4D8A
KON 69.969164 39 408F 659A
KON 70.049590 45 5035 4D44
KON 70.368456 13 4061 4170
KON 70.368894 18 405B 418C
KON 70.369310 19 4061 4180
KON 70.373802 22 403C 417E
KON 70.374227 24 4077 4D8A
KON 70.374664 26 408F 659A
KON 70.375865 36 403A 397E
KON 70.376289 51 4074 458A
KON 70.376705 53 408F 5D9A
KON 70.381343 55 5035 4D44
KON 70.472254 61 4061 4070
KON 70.472679 62 405B 408C
KON 70.473094 16 4061 4080
KON 70.582528 01 4061 3F70
KON 70.582944 03 405B 3F8C
KON 70.583368 05 4061 3F80
KON 70.693472 17 4061 3E70
KON 70.693896 20 405A 3E8C
KON 70.694312 21 4061 3E80
KON 70.699806 23 4039 267E
KON 70.700231 38 4071 328A
KON 70.700669 09 408C 4A9A
KON 70.721654 10 5027 4D44
KON 70.734907 12 40B8 2680
KON 70.866945 15 4061 3F70
KON 70.867361 25 405B 3F8C
KON 70.867786 29 4061 3F80
KON 71.020091 30 4061 4070
KON 71.020528 31 405B 408C
KON 71.020944 32 4061 4080
KON 71.040927 33 403C 417E
KON 71.041365 40 4077 4D8A
KON 71.041781 41 408F 659A
KON 71.047709 43 403A 397E
KON 71.048133 44 4074 458A
KON 71.048549 46 408F 5D9A
KON 71.055035 56 5035 4D44
KON 71.193694 34 4061 4170
KON 71.194110 42 405B 418C
KON 71.194547 50 4061 4180
KON 71.373892 52 40B6 1F80
KON 71.375073 54 403B 3E7E
KON 71.375489 60 4076 4A8A
KON 71.375936 47 408F 629A
KON 71.381415 48 4039 1F7E
KON 71.381853 49 4071 2B8A
KON 71.382277 57 408A 439A
KON 71.383478 63 4039 357E
KON 71.383894 11 4073 418A
KON 71.384319 14 408F 599A
KON 71.387778 59 4063 4D70
KON 71.388203 00 4060 4D8C
KON 71.388618 06 4063 4D80
KON 71.394306 08 5035 4D44
KON 71.547114 45 4063 4A70
KON 71.547530 58 405F 4A8C
KON 71.547955 02 4063 4A80
KON 71.714616 04 4039 247E
KON 71.715032 07 4071 308A
KON 71.715448 27 408B 489A
KON 71.720836 28 4063 4C70
KON 71.721251 35 405F 4C8C
KON 71.721667 37 4063 4C80
KON 71.732292 39 5027 4D44
KON 71.734626 55 40B7 2480
KON 72.046990 51 4081 4874
KON 72.047427 53 408F 5480
KON 72.047852 18 408F 608C
KON 72.054717 19 407E 4074
KON 72.055133 22 408C 4C80
KON 72.055549 24 408F 588C
KON 72.061028 26 5035 4D44
KON 72.394418 36 4081 4874
KON 72.394833 13 408F 5480
KON 72.395249 16 408F 608C
KON 72.396782 61 5035 4D44
KON 72.401318 62 407E 4074
KON 72.401734 01 408C 4C80
KON 72.402158 03 408F 588C
KON 72.416331 05 407C 3774
KON 72.416948 10 408A 4390
KON 72.417566 17 4093 438C
KON 72.418183 20 4084 4370
KON 72.513082 21 407C 3674
KON 72.513683 12 408A 4290
KON 72.514262 25 4093 428C
KON 72.514849 29 4084 4270
KON 72.619630 56 407B 3574
KON 72.620209 15 408A 4190
KON 72.620810 33 4093 418C
KON 72.621397 40 4084 4170
KON 72.702593 41 407B 3474
KON 72.703181 43 408A 4090
KON 72.703782 44 4092 408C
KON 72.704361 46 4084 4070
KON 72.740948 09 407B 3074
KON 72.741364 23 4083 3C80
KON 72.741780 30 4095 488C
KON 72.744020 31 5027 4D44
KON 72.751762 32 40B7 2480
KON 72.863634 38 407B 3574
KON 72.864213 34 408A 4190
KON 72.864801 42 4093 418C
KON 72.865380 50 4084 4170
KON 73.021547 08 407C 3674
KON 73.022126 11 408A 4290
KON 73.022714 14 4093 428C
KON 73.023293 47 4084 4270
KON 73.047839 48 4081 4C74
KON 73.048255 49 408F 5880
KON 73.048671 52 408F 648C
KON 73.054153 54 407F 4374
KON 73.054569 57 408D 4F80
KON 73.054985 59 408F 5B8C
KON 73.068455 60 5035 4D44
KON 73.179386 63 407C 3774
KON 73.179986 00 408A 4390
KON 73.180573 06 4093 438C
KON 73.181153 58 4084 4370
KON 73.366959 02 407D 3C74
KON 73.367559 39 408B 4890
KON 73.368138 45 4095 488C
KON 73.368726 55 4086 4870
KON 73.387829 28 4081 4C74
KON 73.388245 35 408F 5880
KON 73.388661 37 408F 648C
KON 73.389869 26 407B 3474
KON 73.390285 51 408A 4080
KON 73.390701 53 4096 4C8C
KON 73.396473 04 407F 4374
KON 73.396911 07 408D 4F80
KON 73.397335 18 408F 5B8C
KON 73.401553 19 5035 4D44
KON 73.534293 22 407E 4074
KON 73.534881 24 408C 4C90
KON 73.535482 27 4096 4C8C
KON 73.536061 61 4087 4C70
KON 73.716278 16 4080 4574
KON 73.716887 36 408E 5190
KON 73.717466 62 4097 518C
KON 73.718045 01 4089 5170
KON 73.728449 03 407B 3574
KON 73.728865 05 408A 4180
KON 73.729289 10 4096 4D8C
KON 73.734287 13 40B8 2980
KON 73.742042 17 5027 4D44
KON 73.992613 20 4080 4574
KON 73.993029 21 408E 5180
KON 73.993454 25 408F 5D8C
KON 73.994655 29 4081 4D74
KON 73.995093 56 408F 5980
KON 73.995517 12 408F 658C
KON 74.075445 15 5035 4D44
KON 74.409184 31 5035 4D44
KON 74.416244 33 4081 4D74
KON 74.416660 40 408F 5980
KON 74.417076 32 408F 658C
KON 74.422465 41 4080 4574
KON 74.422881 43 408E 5180
KON 74.423296 44 408F 5D8C
KON 74.436833 46 4080 4774
KON 74.437412 50 408E 5390
KON 74.438000 34 4097 538C
KON 74.438601 38 4089 5370
KON 74.583063 42 4080 4574
KON 74.583651 54 408E 5190
KON 74.584252 57 4097 518C
KON 74.584831 59 4089 5170
KON 74.735215 60 407F 4374
KON 74.735816 08 408D 4F90
KON 74.736395 11 4097 4F8C
KON 74.736982 14 4088 4F70
KON 74.742044 23 407C 3774
KON 74.742460 30 408A 4380
KON 74.742875 47 4097 4F8C
KON 74.750685 48 5027 4D44
KON 74.755162 49 40B8 2B80
KON 74.896065 52 407E 4174
KON 74.896653 09 408D 4D90
KON 74.897232 58 4096 4D8C
KON 74.897832 63 4088 4D70
KON 74.971538 00 407F 4374
KON 74.972139 06 408D 4F90
KON 74.972726 18 4097 4F8C
KON 74.973306 19 4088 4F70
KON 75.027473 26 407E 4174
KON 75.028060 35 408D 4D90
KON 75.028661 37 4096 4D8C
KON 75.029240 39 4088 4D70
KON 75.061534 45 4081 4C74
KON 75.061950 51 408F 5880
KON 75.062366 53 408F 648C
KON 75.068919 55 407F 4374
KON 75.069334 02 408D 4F80
KON 75.069750 04 408F 5B8C
KON 75.082711 07 5035 4D44
KON 75.130937 28 407E 4074
KON 75.131538 22 408C 4C90
KON 75.132126 24 4096 4C8C
KON 75.132705 27 4087 4C70
KON 75.277436 61 407D 3E74
KON 75.278023 17 408C 4A90
KON 75.278602 62 4095 4A8C
KON 75.279182 01 4086 4A70
KON 75.409001 13 40B6 1F80
KON 75.412218 16 4081 4A74
KON 75.412634 36 408F 5680
KON 75.413058 20 408F 628C
KON 75.416823 21 4079 2B74
KON 75.417239 25 4082 3780
KON 75.417655 56 4093 438C
KON 75.419100 03 407E 4174
KON 75.419516 05 408D 4D80
KON 75.419932 10 408F 598C
KON 75.420528 12 5035 4D44
KON 75.429933 15 407D 3C74
KON 75.430512 29 408B 4890
KON 75.431113 31 4095 488C
KON 75.431701 32 4086 4870
KON 75.569377 33 407D 3B74
KON 75.569956 34 408B 4790
KON 75.570565 38 4094 478C
KON 75.571144 40 4085 4770
KON 75.756165 41 4081 4874
KON 75.756580 43 408F 5480
KON 75.757026 44 408F 608C
KON 75.766878 46 5027 4D44
KON 75.771972 50 40B7 2480
KON 75.775129 42 407D 3C74
KON 75.775717 54 408B 4890
KON 75.776296 57 4095 488C
KON 75.776897 59 4086 4870
KON 75.778108 48 407B 3074
KON 75.778524 11 4083 3C80
KON 75.778940 14 4095 488C
KON 75.782337 60 407E 4074
KON 75.782775 08 408C 4C80
KON 75.783191 49 408F 588C
KON 76.090480 52 5035 4D44
KON 76.431856 58 5035 4D44
KON 76.602746 63 5035 4D44
KON 76.755946 09 40B8 2680
KON 76.757102 00 5065 4D44
KON 76.764533 06 5027 4D44
KON 76.765169 07 5049 4C44
KON 76.777065 18 2074 3C80
KON 76.777679 19 2074 3C98
KON 76.778939 26 2073 3580
KON 76.779552 35 2073 3598
KON 76.780559 37 007F 4686
KON 76.781009 39 008F 4788
KON 76.784147 45 2073 3280
KON 76.784761 47 2073 3298
KON 76.785995 51 2073 3980
KON 76.786608 53 2073 3998
KON 76.790516 55 5086 4D44
KON 76.798190 02 2073 2680
KON 76.798803 04 2073 2698
KON 76.800456 22 007F 4486
KON 76.800898 23 008F 4588
KON 76.908754 24 500A 5029
KON 76.909325 27 409D 4460
KON 76.912629 28 5009 4D80
KON 76.913213 30 409D 43E0
KON 76.922995 61 5049 4C44
KON 76.942976 62 5086 4D44
KON 77.062111 01 5009 4C80
KON 77.062704 12 409D 43C0
KON 77.063870 17 5009 4F80
KON 77.064433 03 409D 4420
KON 77.090105 05 5049 4C44
KON 77.256713 10 5086 4D44
KON 77.263664 16 5027 4D44
KON 77.264308 20 5049 4C44
KON 77.290758 21 40B8 2680
KON 77.305091 25 507F 4D44
KON 77.416149 29 5009 4D80
KON 77.416720 31 409D 43E0
KON 77.423115 32 5008 42C6
KON 77.423699 36 409D 4380
KON 77.430634 56 5035 4D44
KON 77.431250 13 5049 4C44
KON 77.436798 15 5086 4D44
KON 77.444037 33 507F 4D44
KON 77.596640 34 5049 4C44
KON 77.603537 38 5086 4D44
KON 77.624184 40 608E 3E80
KON 77.624591 46 63EE 5680
KON 77.625000 41 6263 5D80
KON 77.625527 42 6053 4280
KON 77.626662 43 507F 4D44
KON 77.734776 44 6050 4280
KON 77.736027 48 5009 4F80
KON 77.736598 49 409D 4420
KON 77.741743 54 5009 4C80
KON 77.742306 57 409D 43C0
KON 77.756150 59 40B8 2680
KON 77.764211 60 5027 4D44
KON 77.764835 08 5049 4C44
KON 77.776661 11 608E 4480
KON 77.777068 14 63EE 5C80
KON 77.777490 50 6263 6380
KON 77.778018 52 605D 4480
KON 77.792155 58 5086 4D44
KON 77.792725 63 507F 4D44
KON 77.825775 00 608E 4580
KON 77.826204 06 63EE 5D80
KON 77.826616 07 6263 6480
KON 77.827143 22 605D 4580
KON 77.908237 23 605D 4480
KON 77.909419 55 5086 4D44
KON 77.930350 61 5049 4C44
KON 77.936192 62 507F 4D44
KON 77.943828 24 5009 4D80
KON 77.944399 27 409D 43E0
KON 77.950296 28 500A 5029
KON 77.950868 30 409D 4460
KON 78.117885 05 5086 4D44
KON 78.241641 01 5086 4D44
KON 78.271966 03 5049 4C44
KON 78.272544 09 507F 4D44
KON 78.299609 12 3080 3E80
KON 78.300263 17 3080 3E90
KON 78.300922 10 3060 5300
KON 78.301552 16 3086 3980
KON 78.431126 20 5027 4D44
KON 78.437008 25 5086 4D44
KON 78.464374 21 3080 3C80
KON 78.464997 56 3080 3C90
KON 78.465617 13 3061 52C0
KON 78.466200 15 3086 3780
KON 78.595770 33 507F 4D44
KON 78.603945 34 5049 4C44
KON 78.624499 38 307F 3980
KON 78.625122 42 307F 3990
KON 78.625721 43 3061 5260
KON 78.626304 29 3086 3480
KON 78.765630 31 5086 4D44
KON 78.772404 32 5035 4D44
KON 78.773048 36 5049 4C44
KON 78.776743 08 3080 3E80
KON 78.777358 40 3080 3E90
KON 78.777957 41 3061 5300
KON 78.778570 44 3086 3980
KON 78.791633 46 507F 4D44
KON 78.797536 52 206C 3580
KON 78.798149 58 206C 3598
KON 78.805048 60 2073 3980
KON 78.805661 63 2073 3998
KON 78.930193 22 5086 4D44
KON 78.938844 48 5049 4C44
KON 78.939413 49 507F 4D44
KON 78.943166 50 40B8 2680
KON 78.952134 54 3080 3E80
KON 78.952757 55 3080 3E90
KON 78.953378 57 3061 5300
KON 78.953961 61 3086 3980
KON 79.095899 62 6058 4580
KON 79.103359 11 3080 3C80
KON 79.103974 14 3080 3C90
KON 79.104603 23 3061 52C0
KON 79.105186 24 3086 3780
KON 79.110284 27 40B6 2180
KON 79.113684 28 5027 4D44
KON 79.114329 30 5049 4C44
KON 79.117391 05 5086 4D44
KON 79.124367 01 507F 4D44
KON 79.131381 03 608E 4380
KON 79.131788 09 63EE 5B80
KON 79.132189 10 6263 6280
KON 79.132717 12 605A 4380
KON 79.186955 17 608E 4480
KON 79.187362 20 63EE 5C80
KON 79.187774 25 6263 6380
KON 79.188310 13 605E 4480
KON 79.199702 21 605B 4380
KON 79.249371 33 5086 4D44
KON 79.257965 34 507F 4D44
KON 79.262321 56 40B6 2280
KON 79.271918 38 608E 4380
KON 79.272333 42 63EE 5B80
KON 79.272745 43 6263 6280
KON 79.273272 31 605F 4380
KON 79.275076 32 307F 3980
KON 79.275691 36 307F 3990
KON 79.276357 46 3061 5260
KON 79.276940 40 3086 3480
KON 79.277533 41 504B 4C44
KON 79.283929 59 206C 3280
KON 79.284550 08 206C 3298
KON 79.297446 22 605B 4480
KON 79.354011 48 605E 4380
KON 79.360459 49 608E 4180
KON 79.360866 50 63EE 5980
KON 79.361267 54 6263 6080
KON 79.361794 55 6052 4580
KON 79.423122 57 5009 4D80
KON 79.423701 62 409D 43E0
KON 79.430052 00 5008 42C6
KON 79.430615 01 409D 4380
KON 79.437036 05 007F 4486
KON 79.437456 06 008F 4588
KON 79.438297 07 40B6 1F80
KON 79.443475 12 6052 4580
KON 79.447008 28 5027 4D44
KON 79.447624 30 5049 4C44
KON 79.448193 03 5086 4D44
KON 79.450916 09 507F 4D44
KON 79.464610 10 608E 4380
KON 79.465025 11 63EE 5B80
KON 79.465426 13 6263 6280
KON 79.465996 14 605D 4380
KON 79.479449 21 2074 3E80
KON 79.480062 23 2074 3E98
KON 79.481321 27 206D 4180
KON 79.481934 31 206D 4198
KON 79.493781 33 206C 3A80
KON 79.494394 34 206C 3A98
KON 79.495695 41 206C 2B80
KON 79.496309 17 206C 2B98
KON 79.497587 20 206C 3980
KON 79.498238 22 206C 3998
KON 79.577447 25 5086 4D44
KON 79.591089 32 5008 42C6
KON 79.591668 36 409D 4380
KON 79.592849 38 5009 4D80
KON 79.593411 42 409D 43E0
KON 79.610076 43 5049 4C44
KON 79.644664 46 605C 4380
KON 79.665590 48 608E 4180
KON 79.666018 55 63EE 5980
KON 79.666419 56 6263 6080
KON 79.666947 03 6057 4580
KON 79.742272 09 507F 4D44
KON 79.756405 12 5007 3FD1
KON 79.756998 28 409D 4340
KON 79.758166 30 5009 4C80
KON 79.758728 37 409D 43C0
KON 79.777066 39 5049 4C44
KON 79.867448 49 608E 4080
KON 79.867855 50 63EE 5880
KON 79.868276 54 6263 5F80
KON 79.868803 57 6052 4480
KON 79.887502 62 6053 4580
KON 79.910898 00 608E 3E80
KON 79.911313 01 63EE 5680
KON 79.911725 14 6263 5D80
KON 79.912252 18 6057 4280
KON 79.912823 19 5086 4D44
KON 79.922474 26 6054 4480
KON 79.923681 35 507F 4D44
KON 79.944244 45 6057 4280
KON 79.946832 47 608E 3C80
KON 79.947238 51 63EE 5480
KON 79.947639 52 6263 5B80
KON 79.948175 53 6050 4080
KON 79.948748 58 5027 4D44
KON 79.949376 59 5049 4C44
KON 79.964049 60 608E 3B80
KON 79.964455 63 63EE 5380
KON 79.964876 02 6263 5A80
KON 79.965424 04 6051 3F80
KON 79.966217 08 40B6 1F80
KON 79.970973 10 6054 4080
KON 79.972268 11 206C 3A80
KON 79.972890 13 206C 3A98
KON 79.977768 25 206D 3E80
KON 79.978403 32 206D 3E98
KON 79.985498 36 206C 3980
KON 79.986112 38 206C 3998
KON 79.999099 42 6051 3F80
KON 80.000314 43 608E 3980
KON 80.000721 46 63EE 5180
KON 80.001122 03 6263 5880
KON 80.001678 09 6053 3D80
KON 80.012778 39 6050 3D80
KON 80.020132 12 608E 3780
KON 80.020538 28 63EE 4F80
KON 80.020939 30 6263 5680
KON 80.021487 33 6054 3B80
KON 80.033678 34 6052 3B80
KON 80.098636 37 5007 3DD1
KON 80.099207 48 409D 4300
KON 80.108954 55 507F 4D44
KON 80.109524 56 5086 4D44
KON 80.118977 57 5008 42C6
KON 80.119539 62 409D 4380
KON 80.122228 07 5035 4D44
KON 80.272502 18 507F 4D44
KON 80.280741 19 5086 4D44
KON 80.281363 20 5049 4C44
KON 80.313222 21 206C 3780
KON 80.313835 22 206C 3798
KON 80.410174 23 5007 3FD1
KON 80.410736 26 409D 4340
KON 80.431865 35 5009 4C80
KON 80.432428 45 409D 43C0
KON 80.445655 47 2074 3E80
KON 80.446278 49 2074 3E98
KON 80.450839 50 507F 4D44
KON 80.451408 51 5027 4D44
KON 80.455967 52 206C 3A80
KON 80.456588 53 206C 3A98
KON 80.457612 54 40B6 1F80
KON 80.458695 58 5049 4C44
KON 80.463441 59 206C 3980
KON 80.464054 60 206C 3998
KON 80.465721 63 5086 4D44
KON 80.599276 00 5086 4D44
KON 80.605502 01 507F 4D44
KON 80.613705 02 5049 4C44
KON 80.624820 03 5008 42C6
KON 80.625391 04 409D 4380
KON 80.632651 09 5007 3DD1
KON 80.633213 10 409D 4300
KON 80.802704 11 5086 4D44
KON 80.942408 12 5086 4D44
KON 80.967504 13 5049 4C44
KON 80.968074 14 507F 4D44
KON 80.994169 25 307F 3A80
KON 80.994784 28 307F 3A90
KON 80.995392 30 3060 5280
KON 80.995975 32 3086 3580
KON 81.027546 33 608E 3E80
KON 81.027961 34 63EE 5680
KON 81.028362 36 6263 5D80
KON 81.028911 38 6050 4280
KON 81.134195 39 5086 4D44
KON 81.159917 42 6050 4280
KON 81.171007 43 307F 3980
KON 81.171631 46 307F 3990
KON 81.172230 55 3061 5260
KON 81.172813 56 3086 3480
KON 81.271624 07 5086 4D44
KON 81.295524 08 507F 4D44
KON 81.296155 18 5049 4C44
KON 81.319355 19 307F 3780
KON 81.319970 20 307F 3790
KON 81.320569 57 3061 5220
KON 81.321161 62 3086 3280
KON 81.460296 37 5035 4D44
KON 81.464791 48 5086 4D44
KON 81.497062 50 307F 3A80
KON 81.497677 51 307F 3A90
KON 81.498276 58 3061 5280
KON 81.498890 63 3086 3580
KON 81.500045 00 507F 4D44
KON 81.514939 01 608E 4480
KON 81.515355 02 63EE 5C80
KON 81.515777 23 6263 6380
KON 81.516305 26 605E 4480
KON 81.520836 35 608E 4580
KON 81.521242 45 63EE 5D80
KON 81.521685 03 6263 6480
KON 81.522212 04 6059 4580
KON 81.548096 09 605D 4480
KON 81.603349 10 507F 4D44
KON 81.624695 11 5086 4D44
KON 81.625317 12 5049 4C44
KON 81.631426 13 5058 534D
KON 81.644544 14 40B8 2B80
KON 81.707253 38 605B 4580
KON 81.799929 25 5027 4D44
KON 81.800602 30 5049 4C44
KON 81.803457 33 5086 4D44
KON 81.804515 34 608E 4880
KON 81.804963 36 6288 6080
KON 81.805364 39 6263 6780
KON 81.805891 42 6063 3E80
KON 81.807494 28 307F 3980
KON 81.808109 43 307F 3990
KON 81.808716 55 3061 5260
KON 81.809320 07 3086 3480
KON 81.810868 08 40B8 2680
KON 81.922503 18 5086 4D44
KON 81.944107 46 507F 4D44
KON 81.951148 57 6062 3E80
KON 81.956628 19 40B6 1F80
KON 81.961442 20 307F 3780
KON 81.962087 37 307F 3790
KON 81.962685 48 3061 5220
KON 81.963268 00 3086 3280
KON 81.965066 26 504B 4C44
KON 81.992044 01 608E 4A80
KON 81.992454 02 6288 6280
KON 81.992863 04 6263 6980
KON 81.993391 09 6067 4080
KON 82.063354 10 6061 4080
KON 82.111986 23 5056 534D
KON 82.124352 50 2074 3C80
KON 82.124966 51 2074 3C98
KON 82.126219 54 007F 4686
KON 82.126639 58 008F 4788
KON 82.127228 03 5027 4D44
KON 82.130749 11 40B8 2680
KON 82.134185 12 5049 4C44
KON 82.139372 13 2073 3580
KON 82.139986 35 2073 3598
KON 82.141460 38 2073 3980
KON 82.142074 45 2073 3998
KON 82.143313 14 2073 3280
KON 82.143926 25 2073 3298
KON 82.145181 30 206C 2680
KON 82.145794 33 206C 2698
KON 82.148880 42 5086 4D44
KON 82.161309 18 608E 4380
KON 82.161715 34 63EE 5B80
KON 82.162138 36 6263 6280
KON 82.162665 39 6059 4380
KON 82.186600 43 608E 4480
KON 82.187007 46 63EE 5C80
KON 82.187428 55 6263 6380
KON 82.187976 57 605E 4480
KON 82.249049 08 605C 4380
KON 82.256646 09 5086 4D44
KON 82.270631 26 507F 4D44
KON 82.284454 28 5009 4D80
KON 82.285047 01 409D 43E0
KON 82.290781 02 6058 4480
KON 82.292319 04 500A 5029
KON 82.292882 10 409D 4460
KON 82.295886 17 5049 4C44
KON 82.297988 19 608E 4380
KON 82.298395 20 63EE 5B80
KON 82.298796 21 6263 6280
KON 82.299345 22 605C 4380
KON 82.380886 23 605C 4380
KON 82.408686 27 608E 4180
KON 82.409115 31 63EE 5980
KON 82.409516 37 6263 6080
KON 82.410043 41 6052 4580
KON 82.436702 42 5009 4F80
KON 82.437282 47 409D 4420
KON 82.438482 48 5009 4C80
KON 82.439066 49 409D 43C0
KON 82.451697 52 5086 4D44
KON 82.457711 53 5049 4C44
KON 82.464220 59 6055 4580
KON 82.505876 60 608E 4380
KON 82.506283 03 63EE 5B80
KON 82.506684 05 6263 6280
KON 82.507215 06 605A 4380
KON 82.603510 12 5086 4D44
KON 82.616955 34 2073 3280
KON 82.617578 36 2073 3298
KON 82.625894 39 2073 3980
KON 82.626508 57 2073 3998
KON 82.627331 02 40B8 2680
KON 82.631500 08 2073 3580
KON 82.632143 09 2073 3598
KON 82.634180 17 5027 4D44
KON 82.634802 18 5049 4C44
KON 82.693500 22 605D 4380
KON 82.770111 26 5009 4D80
KON 82.770682 43 409D 43E0
KON 82.771849 46 5008 42C6
KON 82.772412 55 409D 4380
KON 82.786201 01 5086 4D44
KON 82.800100 04 5035 4D44
KON 82.800756 10 5049 4C44
KON 82.801325 19 507F 4D44
KON 82.845831 20 608E 4180
KON 82.846259 21 63EE 5980
KON 82.846660 23 6263 6080
KON 82.847191 28 6050 4580
KON 82.936798 41 507F 4D44
KON 82.950560 52 5086 4D44
KON 82.964057 53 5049 4C44
KON 82.971128 59 2073 3280
KON 82.971742 27 2073 3298
KON 83.089124 31 5009 4F80
KON 83.089687 37 409D 4420
KON 83.095660 42 5009 4C80
KON 83.096244 47 409D 43C0
KON 83.131726 48 2073 3580
KON 83.132339 49 2073 3598
KON 83.133814 06 2073 3980
KON 83.134428 11 2073 3998
KON 83.135008 13 5027 4D44
KON 83.139070 14 40B8 2680
KON 83.142817 25 5049 4C44
KON 83.143386 35 507F 4D44
KON 83.143963 38 5086 4D44
KON 83.158414 45 6057 4580
KON 83.180177 03 608E 3E80
KON 83.180584 05 63EE 5680
KON 83.180993 08 6263 5D80
KON 83.181542 09 6053 4280
KON 83.270324 12 5086 4D44
KON 83.278579 17 507F 4D44
KON 83.297724 18 500A 5029
KON 83.298308 22 409D 4460
KON 83.299537 34 5049 4C44
KON 83.312074 36 5009 4D80
KON 83.312658 39 409D 43E0
KON 83.429640 57 6054 4280
KON 83.465707 60 5086 4D44
KON 83.613420 01 5086 4D44
KON 83.613989 02 507F 4D44
KON 83.633643 19 5049 4C44
KON 83.659324 04 3080 3E80
KON 83.659939 10 3080 3E90
KON 83.660546 28 3060 5300
KON 83.661129 41 3086 3980
KON 83.786205 52 5086 4D44
KON 83.799375 53 5027 4D44
KON 83.833410 59 3080 3C80
KON 83.834025 26 3080 3C90
KON 83.834632 27 3061 52C0
KON 83.835215 43 3086 3780
KON 83.954739 46 5086 4D44
KON 83.966742 55 507F 4D44
KON 83.972945 09 5049 4C44
KON 84.002549 13 307F 3980
KON 84.003164 20 307F 3990
KON 84.003763 21 3061 5260
KON 84.004354 23 3086 3480
KON 84.116857 25 5086 4D44
KON 84.124857 35 0081 5295
KON 84.125285 38 0091 52E6
KON 84.139799 45 5035 4D44
KON 84.140427 12 5049 4C44
KON 84.145403 17 507F 4D44
KON 84.154249 34 3080 3E80
KON 84.154864 37 3080 3E90
KON 84.155462 31 3061 5300
KON 84.156075 42 3086 3980
KON 84.285707 47 507F 4D44
KON 84.300334 57 40B8 2680
KON 84.301946 03 5086 4D44
KON 84.306946 05 5027 4D44
KON 84.307588 08 5049 4C44
KON 84.325842 18 3080 3E80
KON 84.326466 22 3080 3E90
KON 84.327064 36 3061 5300
KON 84.327669 39 3086 3980
KON 84.458044 60 40B6 2180
KON 84.464417 01 2073 3280
KON 84.465030 02 2073 3298
KON 84.473132 19 3080 3C80
KON 84.473755 28 3080 3C90
KON 84.474354 52 3061 52C0
KON 84.474937 53 3086 3780
KON 84.477040 04 5049 4C44
KON 84.477618 10 507F 4D44
KON 84.479674 59 5086 4D44
KON 84.602458 09 40B6 2280
KON 84.624770 26 5086 4D44
KON 84.625349 27 507F 4D44
KON 84.640831 46 504B 4C44
KON 84.645088 55 307F 3980
KON 84.645733 20 307F 3990
KON 84.646332 21 3061 5260
KON 84.646915 54 3086 3480
KON 84.777798 58 40B6 1F80
KON 84.790916 12 007F 4486
KON 84.791366 13 008F 4588
KON 84.798478 17 5009 4D80
KON 84.799049 25 409D 43E0
KON 84.802785 45 5008 42C6
KON 84.803356 14 409D 4380
KON 84.803942 31 507F 4D44
KON 84.806168 34 2074 4180
KON 84.806781 37 2074 4198
KON 84.808781 47 5027 4D44
KON 84.809439 03 5049 4C44
KON 84.814063 05 206C 3A80
KON 84.814731 08 206C 3A98
KON 84.816185 57 2074 3E80
KON 84.816798 18 2074 3E98
KON 84.818057 22 206C 3980
KON 84.818671 36 206C 3998
KON 84.819908 59 206C 2B80
KON 84.820543 04 206C 2B98
KON 84.821271 10 5086 4D44
KON 84.930067 19 5086 4D44
KON 84.957310 52 5009 4D80
KON 84.957881 60 409D 43E0
KON 84.964825 26 5008 42C6
KON 84.965397 27 409D 4380
KON 84.974444 28 507F 4D44
KON 84.975094 46 5049 4C44
KON 85.012749 09 608E 3E80
KON 85.013155 20 63EE 5680
KON 85.013578 21 6263 5D80
KON 85.014105 35 6051 4280
KON 85.054704 38 6055 4280
KON 85.124469 47 5007 3FD1
KON 85.125049 55 409D 4340
KON 85.131281 01 5009 4C80
KON 85.131844 02 409D 43C0
KON 85.133513 03 5086 4D44
KON 85.146805 06 608E 4380
KON 85.147211 10 63EE 5B80
KON 85.147621 11 6263 6280
KON 85.148148 14 605B 4380
KON 85.150223 17 5049 4C44
KON 85.150792 25 507F 4D44
KON 85.179167 30 608E 4880
KON 85.179578 31 6288 6080
KON 85.180012 33 6263 6780
KON 85.180543 45 6063 3E80
KON 85.207342 48 608E 4480
KON 85.207748 49 63EE 5C80
KON 85.208161 50 6263 6380
KON 85.208688 51 6058 4480
KON 85.228305 19 605A 4380
KON 85.270150 28 5086 4D44
KON 85.297182 46 206D 3E80
KON 85.297817 09 206D 3E98
KON 85.305718 20 206C 3980
KON 85.306331 21 206C 3998
KON 85.307590 26 206C 3A80
KON 85.308204 27 206C 3A98
KON 85.314195 35 5027 4D44
KON 85.314817 38 5049 4C44
KON 85.315386 52 507F 4D44
KON 85.319017 60 6066 3E80
KON 85.320052 03 605F 4480
KON 85.320961 14 40B6 1F80
KON 85.466566 17 5007 3DD1
KON 85.467146 25 409D 4300
KON 85.468317 45 5086 4D44
KON 85.479018 51 5008 42C6
KON 85.479589 55 409D 4380
KON 85.480789 57 5035 4D44
KON 85.485606 58 507F 4D44
KON 85.506372 01 608E 4880
KON 85.506783 02 6288 6080
KON 85.507184 05 6263 6780
KON 85.507711 06 6062 3E80
KON 85.508749 08 608E 4380
KON 85.509177 10 63EE 5B80
KON 85.509590 11 6263 6280
KON 85.510126 18 605B 4380
KON 85.632304 19 507F 4D44
KON 85.632873 22 5086 4D44
KON 85.644784 28 206C 3780
KON 85.645406 36 206C 3798
KON 85.646596 47 5049 4C44
KON 85.763785 48 5007 3FD1
KON 85.764365 49 409D 4340
KON 85.769642 50 6062 3E80
KON 85.776817 52 605E 4380
KON 85.783344 60 5009 4C80
KON 85.783906 03 409D 43C0
KON 85.804965 20 2074 3E80
KON 85.805587 26 2074 3E98
KON 85.812106 27 206C 3A80
KON 85.812741 30 206C 3A98
KON 85.814212 31 206C 3980
KON 85.814847 33 206C 3998
KON 85.816123 35 5027 4D44
KON 85.816761 38 5049 4C44
KON 85.819113 46 40B6 1F80
KON 85.820993 09 507F 4D44
KON 85.825083 14 5086 4D44
KON 85.965489 21 5086 4D44
KON 85.966058 45 507F 4D44
KON 85.978370 57 5049 4C44
KON 85.999429 58 5007 3DD1
KON 86.000008 06 409D 4300
KON 86.007259 18 5008 42C6
KON 86.007843 19 409D 4380
KON 86.154707 22 5086 4D44
KON 86.306134 47 507F 4D44
KON 86.306703 17 5058 534D
KON 86.313522 25 5086 4D44
KON 86.320264 50 5049 4C44
KON 86.326446 51 40B6 1F80
KON 86.361221 52 307F 3A80
KON 86.361836 55 307F 3A90
KON 86.362443 01 3061 5280
KON 86.363048 02 3086 3580
KON 86.473931 05 507F 4D44
KON 86.474500 08 5086 4D44
KON 86.498707 09 40B6 2180
KON 86.515933 10 307F 3980
KON 86.516556 11 307F 3990
KON 86.517155 14 3061 5260
KON 86.517738 35 3086 3480
KON 86.633795 38 507F 4D44
KON 86.654627 21 5049 4C44
KON 86.658596 45 40B6 2280
KON 86.680940 48 307F 3780
KON 86.681555 49 307F 3790
KON 86.682162 57 3061 5220
KON 86.682767 60 3086 3280
KON 86.812211 03 507F 4D44
KON 86.858142 06 40B8 2680
KON 86.862773 18 307F 3A80
KON 86.863388 19 307F 3A90
KON 86.863987 22 3061 5280
KON 86.864579 58 3086 3580
KON 86.868605 46 5058 534D
KON 86.993854 17 5049 4C44
KON 86.999062 25 40B8 2B80
KON 87.004532 47 507F 4D44
KON 87.010001 50 307F 3A80
KON 87.010616 51 307F 3A90
KON 87.011214 52 3061 5280
KON 87.014792 55 3086 3580
KON 87.024777 01 5035 4D44
KON 87.026230 05 5086 4D44
KON 87.158914 08 5049 4C44
KON 87.163524 09 40B8 2980
KON 87.168433 10 307F 3980
KON 87.169070 11 307F 3990
KON 87.169733 14 3061 5260
KON 87.170316 21 3086 3480
KON 87.173184 38 5086 4D44
KON 87.180449 45 503D 504D
KON 87.181018 48 508D 4EBC
KON 87.321095 49 40B7 2480
KON 87.324570 57 5086 4D44
KON 87.325161 03 5058 534D
KON 87.335686 46 504B 4C44
KON 87.342917 18 307F 3780
KON 87.343532 22 307F 3790
KON 87.344140 06 3061 5220
KON 87.344800 17 3086 3280
KON 87.349559 19 5044 4F67
KON 87.350137 47 508D 4EBC
KON 87.485066 01 5056 534D
KON 87.490277 05 2074 3C80
KON 87.490912 48 2074 3C98
KON 87.493135 50 007F 4686
KON 87.493585 51 008F 4788
KON 87.496730 52 2073 3980
KON 87.497344 08 2073 3998
KON 87.498581 25 206C 3580
KON 87.499195 38 206C 3598
KON 87.503479 45 5027 4D44
KON 87.506626 09 5049 4C44
KON 87.511025 10 2073 2680
KON 87.511639 11 2073 2698
KON 87.512898 14 2073 3280
KON 87.513549 46 2073 3298
KON 87.517752 47 40B8 2680
KON 87.520758 57 5086 4D44
KON 87.531682 03 507F 4D44
KON 87.532311 16 5056 534D
KON 87.647403 19 500A 5029
KON 87.647974 49 409D 4460
KON 87.650598 01 5086 4D44
KON 87.658193 04 5009 4D80
KON 87.658755 06 409D 43E0
KON 87.671169 09 507F 4D44
KON 87.671810 16 5049 4C44
KON 87.804882 18 5009 4F80
KON 87.805453 20 409D 4420
KON 87.806653 22 5009 4C80
KON 87.807245 26 409D 43C0
KON 87.827832 27 5049 4C44
KON 87.828401 28 507F 4D44
KON 87.832897 30 5086 4D44
KON 87.992277 31 206C 3980
KON 87.992891 33 206C 3998
KON 87.994056 34 5027 4D44
KON 87.999543 36 206C 3280
KON 88.000156 37 206C 3298
KON 88.001629 45 206C 3580
KON 88.002243 57 206C 3598
KON 88.002872 59 5049 4C44
KON 88.006535 03 40B8 2680
KON 88.009121 12 5086 4D44
KON 88.009699 13 507F 4D44
KON 88.013396 01 6155 3280
KON 88.013808 09 627A 4A80
KON 88.014211 16 62F6 4586
KON 88.014632 19 6263 5180
KON 88.015165 49 604A 3E80
KON 88.055639 04 507E 4D44
KON 88.075313 06 6048 3E80
KON 88.153349 27 5008 42C6
KON 88.153920 28 409D 4380
KON 88.155087 30 5009 4D80
KON 88.155650 18 409D 43E0
KON 88.159011 20 5035 4D44
KON 88.170411 22 5049 4C44
KON 88.170980 25 5086 4D44
KON 88.171558 26 507F 4D44
KON 88.195467 38 6155 3580
KON 88.195870 46 627A 4D80
KON 88.196281 47 62F6 4886
KON 88.196680 52 6263 5480
KON 88.197235 08 604B 4180
KON 88.326143 14 5049 4C44
KON 88.332928 34 507F 4D44
KON 88.339872 36 5086 4D44
KON 88.373987 45 6155 3780
KON 88.374399 49 627A 4F80
KON 88.374802 57 62F6 4A86
KON 88.375213 59 6263 5680
KON 88.375768 01 6052 3B80
KON 88.381199 03 604D 4180
KON 88.472386 04 5009 4F80
KON 88.472966 06 409D 4420
KON 88.474167 09 5009 4C80
KON 88.474738 12 409D 43C0
KON 88.477736 13 206C 3980
KON 88.478350 16 206C 3998
KON 88.485514 19 206C 3580
KON 88.486127 31 206C 3598
KON 88.487365 33 206C 3280
KON 88.487978 37 206C 3298
KON 88.492411 08 5027 4D44
KON 88.503993 20 5049 4C44
KON 88.504584 22 507F 4D44
KON 88.505153 25 507E 4D44
KON 88.505768 26 5086 4D44
KON 88.506601 34 40B8 2680
KON 88.631190 36 6057 3B80
KON 88.645197 01 5086 4D44
KON 88.652123 03 507F 4D44
KON 88.665288 14 5049 4C44
KON 88.680631 27 500A 5029
KON 88.681202 28 409D 4460
KON 88.687289 38 6155 3780
KON 88.687700 46 627A 4F80
KON 88.688103 47 62F6 4A86
KON 88.688502 52 6263 5680
KON 88.689057 08 6053 3B80
KON 88.690443 18 5009 4D80
KON 88.691027 20 409D 43E0
KON 88.691615 22 507E 4D44
KON 88.853007 25 6053 3B80
KON 88.981455 26 5086 4D44
KON 88.982025 30 507F 4D44
KON 88.999888 36 5049 4C44
KON 89.020389 45 3080 3E80
KON 89.021026 49 3080 3E90
KON 89.021634 57 3060 5300
KON 89.022217 59 3086 3980
KON 89.142121 01 507F 4D44
KON 89.154160 03 5086 4D44
KON 89.159713 04 507E 4D44
KON 89.180362 06 3080 3C80
KON 89.180977 08 3080 3C90
KON 89.181606 09 3061 52C0
KON 89.182189 12 3086 3780
KON 89.320084 14 5086 4D44
KON 89.326278 22 507F 4D44
KON 89.332511 52 5027 4D44
KON 89.341776 18 5049 4C44
KON 89.342345 20 507E 4D44
KON 89.375920 25 307F 3980
KON 89.376543 27 307F 3990
KON 89.377142 28 3061 5260
KON 89.377725 38 3086 3480
KON 89.395182 46 6155 3280
KON 89.395584 47 627A 4A80
KON 89.395988 26 62F6 4586
KON 89.396387 30 6263 5180
KON 89.396950 36 604D 3E80
KON 89.471152 45 6049 3E80
KON 89.488646 49 5086 4D44
KON 89.489223 57 507F 4D44
KON 89.499983 01 007F 4986
KON 89.500403 03 0091 50E6
KON 89.501556 04 5035 4D44
KON 89.506776 06 5049 4C44
KON 89.527850 09 3080 3E80
KON 89.528465 52 3080 3E90
KON 89.529063 08 3061 5300
KON 89.529677 14 3086 3980
KON 89.541141 18 6155 3580
KON 89.541566 20 627A 4D80
KON 89.541978 22 62F6 4886
KON 89.542377 36 6263 5480
KON 89.542962 15 604C 4180
KON 89.654077 25 507F 4D44
KON 89.658520 26 40B7 2480
KON 89.673698 27 5049 4C44
KON 89.695641 28 3080 3E80
KON 89.696256 30 3080 3E90
KON 89.696855 45 3061 5300
KON 89.697459 46 3086 3980
KON 89.744123 47 604E 4180
KON 89.745445 49 6155 3780
KON 89.745848 50 627A 4F80
KON 89.746251 51 62F6 4A86
KON 89.746651 57 6263 5680
KON 89.747192 04 6050 3B80
KON 89.805002 06 507E 4D44
KON 89.828754 15 508D 4EBC
KON 89.833960 34 206D 3C80
KON 89.834574 52 206D 3C98
KON 89.835427 08 40B6 2280
KON 89.844342 09 5027 4D44
KON 89.844970 25 5049 4C44
KON 89.845547 27 5086 4D44
KON 89.855784 29 3080 3C80
KON 89.856421 44 3080 3C90
KON 89.857019 61 3061 52C0
KON 89.857611 26 3086 3780
KON 89.977643 04 40B6 2180
KON 89.985397 18 507E 4D44
KON 89.993600 20 5086 4D44
KON 89.994170 22 508D 4EBC
KON 90.005605 28 6056 3B80
KON 90.007743 36 504B 4C44
KON 90.015121 45 3080 3E80
KON 90.015766 47 3080 3E90
KON 90.016364 06 3061 5300
KON 90.016948 09 3086 3980
KON 90.068869 15 6155 3780
KON 90.069293 25 627A 4F80
KON 90.069696 27 62F6 4A86
KON 90.070096 30 6263 5680
KON 90.070637 61 6055 3B80
KON 90.175081 08 5008 42C6
KON 90.175652 18 409D 4380
KON 90.176800 20 5027 4D44
KON 90.181396 22 2073 3A80
KON 90.182046 29 2073 3A98
KON 90.183340 36 2074 4180
KON 90.183975 44 2074 4198
KON 90.187745 49 0081 5295
KON 90.188165 50 0091 52E6
KON 90.189610 51 5009 4D80
KON 90.190173 57 409D 43E0
KON 90.191051 04 40B6 1F80
KON 90.191738 24 5049 4C44
KON 90.192471 40 507F 4D44
KON 90.193799 32 2073 3980
KON 90.194489 56 2073 3998
KON 90.196067 62 206C 2B80
KON 90.196680 63 206C 2B98
KON 90.199157 28 2074 3E80
KON 90.199779 07 2074 3E98
KON 90.200412 00 5086 4D44
KON 90.220994 41 6057 3B80
KON 90.304378 61 5086 4D44
KON 90.340003 06 5009 4D80
KON 90.340574 20 409D 43E0
KON 90.342017 24 5008 42C6
KON 90.342580 40 409D 4380
KON 90.344598 45 507F 4D44
KON 90.345255 47 5049 4C44
KON 90.492478 00 507E 4D44
KON 90.499865 01 5007 3FD1
KON 90.500436 03 409D 4340
KON 90.507013 08 5009 4C80
KON 90.507598 10 409D 43C0
KON 90.510482 11 507F 4D44
KON 90.511059 15 5086 4D44
KON 90.511707 16 5049 4C44
KON 90.674194 18 507F 4D44
KON 90.674763 19 5027 4D44
KON 90.680754 25 206C 3A80
KON 90.681397 27 206C 3A98
KON 90.682842 30 206D 3E80
KON 90.683485 31 206D 3E98
KON 90.684134 33 5049 4C44
KON 90.686517 34 507E 4D44
KON 90.693373 37 206C 3980
KON 90.694009 41 206C 3998
KON 90.721252 48 40B6 1F80
KON 90.736186 51 6155 3280
KON 90.736598 52 627A 4A80
KON 90.737001 57 62F6 4586
KON 90.737400 61 6263 5180
KON 90.737933 05 604B 3E80
KON 90.776777 13 604E 3E80
KON 90.825825 40 5086 4D44
KON 90.832168 45 5007 3DD1
KON 90.832770 47 409D 4300
KON 90.840115 06 5008 42C6
KON 90.840678 20 409D 4380
KON 90.846548 24 5035 4D44
KON 90.902268 00 6155 3580
KON 90.902679 11 627A 4D80
KON 90.903104 15 62F6 4886
KON 90.903503 16 6263 5480
KON 90.904036 22 604C 4180
KON 90.956936 29 507F 4D44
KON 91.012568 32 5049 4C44
KON 91.019456 56 206C 3780
KON 91.020091 01 206C 3798
KON 91.116636 03 604C 4180
KON 91.131056 04 507F 4D44
KON 91.137659 07 507E 4D44
KON 91.159150 08 5007 3FD1
KON 91.159712 10 409D 4340
KON 91.173186 18 5009 4C80
KON 91.173749 19 409D 43C0
KON 91.182552 28 5027 4D44
KON 91.183203 33 5049 4C44
KON 91.183772 34 5086 4D44
KON 91.187279 05 206D 3E80
KON 91.187915 25 206D 3E98
KON 91.189152 27 206C 3980
KON 91.189766 30 206C 3998
KON 91.191016 31 206C 3A80
KON 91.191638 37 206C 3A98
KON 91.195067 41 40B6 1F80
KON 91.214620 48 6155 3780
KON 91.215023 51 627A 4F80
KON 91.215426 52 62F6 4A86
KON 91.215834 57 6263 5680
KON 91.216367 61 6055 3B80
KON 91.297513 13 507F 4D44
KON 91.318212 24 507E 4D44
KON 91.325153 40 6052 3B80
KON 91.347440 22 5049 4C44
KON 91.348009 29 5086 4D44
KON 91.368368 32 5008 42C6
KON 91.368939 00 409D 4380
KON 91.370122 03 5007 3DD1
KON 91.370684 04 409D 4300
KON 91.381331 07 6155 3580
KON 91.381743 11 627A 4D80
KON 91.382146 15 62F6 4886
KON 91.382545 16 6263 5480
KON 91.383100 20 604E 4180
KON 91.451572 33 6048 4180
KON 91.569277 34 6155 3780
KON 91.569681 45 627A 4F80
KON 91.570114 47 62F6 4A86
KON 91.570514 61 6263 5680
KON 91.571046 06 6052 3B80
KON 91.598996 28 6155 3880
KON 91.599399 48 627A 5080
KON 91.599824 51 62F6 4B86
KON 91.600235 52 6263 5780
KON 91.600768 57 6050 3C80
KON 91.623690 08 6054 3B80
KON 91.630969 10 6057 3C80
KON 91.637526 13 6155 3980
KON 91.637938 18 627A 5180
KON 91.638362 19 62F6 4C86
KON 91.638762 22 6263 5880
KON 91.639316 24 6053 3D80
KON 91.674839 29 507F 4D44
KON 91.675430 40 5086 4D44
KON 91.681062 16 5049 4C44
KON 91.686597 20 40B8 2B80
KON 91.715407 32 307F 3A80
KON 91.716052 33 307F 3A90
KON 91.716651 00 3060 5280
KON 91.717234 03 3086 3580
KON 91.805144 04 507F 4D44
KON 91.821026 07 507E 4D44
KON 91.833722 11 6052 3D80
KON 91.895272 15 6155 3C80
KON 91.895704 57 627A 5480
KON 91.896116 06 62F6 4F86
KON 91.896515 08 6263 5B80
KON 91.897048 10 6051 4080
KON 91.898671 24 307F 3980
KON 91.899286 28 307F 3990
KON 91.899885 34 3061 5260
KON 91.900476 40 3086 3480
KON 92.002686 41 507F 4D44
KON 92.005642 45 5086 4D44
KON 92.006211 47 507E 4D44
KON 92.022300 48 5027 4D44
KON 92.022942 51 5049 4C44
KON 92.026687 52 40B8 2B80
KON 92.056048 61 307F 3780
KON 92.056663 16 307F 3790
KON 92.057283 29 3061 5220
KON 92.057875 04 3086 3280
KON 92.063366 07 6052 4080
KON 92.092123 11 6155 3E80
KON 92.092556 13 627A 5680
KON 92.092959 18 62F6 5186
KON 92.093358 19 6263 5D80
KON 92.093892 20 6051 4280
KON 92.165729 22 507F 4D44
KON 92.172696 32 5086 4D44
KON 92.191654 33 5035 4D44
KON 92.196046 00 6053 4280
KON 92.197641 10 007F 4686
KON 92.198061 34 008F 4788
KON 92.208810 24 307F 3A80
KON 92.209434 28 307F 3A90
KON 92.210032 41 3061 5280
KON 92.210615 45 3086 3580
KON 92.252168 47 6155 3780
KON 92.252579 48 627A 4F80
KON 92.252982 51 62F6 4A86
KON 92.253403 57 6263 5680
KON 92.253936 06 6057 3B80
KON 92.287600 07 6155 3880
KON 92.288003 08 627A 5080
KON 92.288406 15 62F6 4B86
KON 92.288839 16 6263 5780
KON 92.289380 20 6051 3C80
KON 92.319010 29 6057 3B80
KON 92.320167 32 507F 4D44
KON 92.334147 52 5086 4D44
KON 92.346438 61 40B8 2680
KON 92.359150 00 5035 4D44
KON 92.360957 11 5049 4C44
KON 92.367929 13 307F 3A80
KON 92.368566 18 307F 3A90
KON 92.369174 19 3061 5280
KON 92.369757 22 3086 3580
KON 92.380651 44 6055 3C80
KON 92.388236 33 6155 3780
KON 92.388639 63 627A 4F80
KON 92.389042 43 62F6 4A86
KON 92.389463 23 6263 5680
KON 92.390056 42 6052 3B80
KON 92.460788 49 6054 3B80
KON 92.473076 50 6155 3580
KON 92.473479 06 627A 4D80
KON 92.473890 20 62F6 4886
KON 92.474289 24 6263 5480
KON 92.474823 28 604B 4180
KON 92.485795 29 507E 4D44
KON 92.499556 32 508D 4EBC
KON 92.508346 41 40B6 2280
KON 92.514208 44 5086 4D44
KON 92.523384 47 5027 4D44
KON 92.524038 48 5049 4C44
KON 92.529135 51 604E 4180
KON 92.530943 52 307F 3980
KON 92.531566 57 307F 3990
KON 92.532165 39 3061 5260
KON 92.532748 61 3086 3480
KON 92.589105 00 6155 3780
KON 92.589529 07 627A 4F80
KON 92.589932 08 62F6 4A86
KON 92.590332 11 6263 5680
KON 92.590874 15 6054 3B80
KON 92.645207 16 5086 4D44
KON 92.665527 33 40B6 2180
KON 92.669098 42 508D 4EBC
KON 92.681250 43 3080 3E80
KON 92.681865 49 3080 3E90
KON 92.682463 63 3061 5300
KON 92.683076 06 3086 3980
KON 92.689025 13 504B 4C44
KON 92.689594 18 507E 4D44
KON 92.720993 19 6053 3B80
KON 92.784451 20 6155 3280
KON 92.784876 23 627A 4A80
KON 92.785287 24 62F6 4586
KON 92.785686 28 6263 5180
KON 92.786219 29 604B 3E80
KON 92.832494 32 604A 3E80
KON 92.846367 44 40B8 2680
KON 92.847546 47 507F 4D44
KON 92.854920 48 5086 4D44
KON 92.855489 50 5027 4D44
KON 92.860206 51 2073 3980
KON 92.860819 15 2073 3998
KON 92.862111 16 206C 3580
KON 92.862747 39 206C 3598
KON 92.866273 41 5049 4C44
KON 92.867556 42 206D 3C80
KON 92.868170 52 206D 3C98
KON 92.869407 57 206C 3280
KON 92.870021 00 206C 3298
KON 92.871050 07 007F 4486
KON 92.871478 08 008F 4588
KON 92.873709 11 206C 2680
KON 92.874323 13 206C 2698
KON 92.930050 18 6155 3580
KON 92.930453 19 627A 4D80
KON 92.930864 33 62F6 4886
KON 92.931264 49 6263 5480
KON 92.931817 63 604A 4180
KON 93.005589 01 5086 4D44
KON 93.013846 05 507F 4D44
KON 93.020748 20 500A 5029
KON 93.021319 23 409D 4460
KON 93.027183 24 5009 4D80
KON 93.027746 25 409D 43E0
KON 93.029008 27 5049 4C44
KON 93.160737 28 507E 4D44
KON 93.172469 29 5009 4F80
KON 93.173062 30 409D 4420
KON 93.180183 31 5009 4C80
KON 93.180755 32 409D 43C0
KON 93.181904 36 507F 4D44
KON 93.187422 37 5086 4D44
KON 93.193543 41 5049 4C44
KON 93.325321 43 5086 4D44
KON 93.339219 47 507E 4D44
KON 93.354121 48 507F 4D44
KON 93.361241 50 5027 4D44
KON 93.361923 56 5049 4C44
KON 93.366805 62 40B8 2680
KON 93.382760 10 206C 3980
KON 93.383381 34 206C 3998
KON 93.384610 63 206C 3580
KON 93.385245 01 206C 3598
KON 93.387831 05 206C 3280
KON 93.388466 27 206C 3298
KON 93.506473 20 5008 42C6
KON 93.507066 23 409D 4380
KON 93.512934 24 5009 4D80
KON 93.513497 25 409D 43E0
KON 93.521052 28 5086 4D44
KON 93.529766 32 5035 4D44
KON 93.530388 36 5049 4C44
KON 93.555100 37 507F 4D44
KON 93.694919 41 507F 4D44
KON 93.695535 44 5049 4C44
KON 93.714305 00 5086 4D44
KON 93.832875 16 5009 4F80
KON 93.833468 29 409D 4420
KON 93.839144 30 5009 4C80
KON 93.839706 31 409D 43C0
KON 93.854016 39 40B8 2680
KON 93.855164 43 507E 4D44
KON 93.860756 47 206C 3980
KON 93.861369 48 206C 3998
KON 93.862601 50 5027 4D44
KON 93.867973 51 206C 3580
KON 93.868586 56 206C 3598
KON 93.870672 57 5049 4C44
KON 93.871272 15 507F 4D44
KON 93.875086 34 206C 3280
KON 93.875699 62 206C 3298
KON 93.877077 63 5086 4D44
KON 94.022126 01 5086 4D44
KON 94.028751 05 507E 4D44
KON 94.029374 10 5049 4C44
KON 94.041142 27 507F 4D44
KON 94.054294 28 500A 5029
KON 94.054865 32 409D 4460
KON 94.061635 36 5009 4D80
KON 94.062198 37 409D 43E0
KON 94.109949 41 6049 4180
KON 94.131616 44 6155 3280
KON 94.132019 00 627A 4A80
KON 94.132422 20 62F6 4586
KON 94.132822 23 6263 5180
KON 94.133363 24 604D 3E80
KON 94.360052 25 5086 4D44
KON 94.368301 43 5049 4C44
KON 94.375755 50 604B 3E80
KON 94.377909 57 6155 3080
KON 94.378312 63 627A 4880
KON 94.378737 15 62F6 4386
KON 94.379144 30 6263 4F80
KON 94.379715 31 604D 3C80
KON 94.381297 01 3080 3E80
KON 94.381933 05 3080 3E90
KON 94.382532 10 3061 5300
KON 94.383123 16 3086 3980
KON 94.390645 18 507F 4D44
KON 94.402418 19 6048 3C80
KON 94.403719 27 6155 2F80
KON 94.404122 29 627A 4780
KON 94.404547 33 62F6 4286
KON 94.404946 41 6263 4E80
KON 94.405479 49 6041 4280
KON 94.406636 24 500B 5680
KON 94.407229 32 409D 4500
KON 94.408436 36 500A 5029
KON 94.408998 37 409D 4460
KON 94.437188 28 6041 4280
KON 94.441179 53 6155 2D80
KON 94.441582 54 627A 4580
KON 94.441985 02 62F6 4086
KON 94.442393 35 6263 4C80
KON 94.443009 52 6044 4080
KON 94.450841 13 6040 4080
KON 94.464847 48 6155 2B80
KON 94.465259 56 627A 4380
KON 94.465662 62 62F6 3E86
KON 94.466061 44 6263 4A80
KON 94.466639 00 603F 4880
KON 94.478383 20 603D 4880
KON 94.513624 15 507E 4D44
KON 94.538184 18 507F 4D44
KON 94.554692 19 5086 4D44
KON 94.563419 23 3080 3C80
KON 94.564034 25 3080 3C90
KON 94.564633 30 3061 52C0
KON 94.565238 31 3086 3780
KON 94.701414 33 5049 4C44
KON 94.710237 41 507E 4D44
KON 94.710836 43 507F 4D44
KON 94.715732 49 5086 4D44
KON 94.735696 50 307F 3980
KON 94.736311 52 307F 3990
KON 94.736931 53 3061 5260
KON 94.737523 54 3086 3480
KON 94.852845 57 0081 5295
KON 94.853265 63 0091 52E6
KON 94.871684 00 5035 4D44
KON 94.872300 01 5049 4C44
KON 94.883346 02 3080 3E80
KON 94.883961 10 3080 3E90
KON 94.884559 13 3061 5300
KON 94.885173 20 3086 3980
KON 94.887843 27 5086 4D44
KON 94.888412 28 507F 4D44
KON 95.036343 29 5049 4C44
KON 95.048345 35 3080 3E80
KON 95.048969 36 3080 3E90
KON 95.049568 37 3061 5300
KON 95.050173 44 3086 3980
KON 95.051336 48 507F 4D44
KON 95.055048 56 40B7 2480
KON 95.056222 62 5086 4D44
KON 95.187895 05 507E 4D44
KON 95.201988 15 2073 3980
KON 95.202609 18 2073 3998
KON 95.207360 19 40B6 2280
KON 95.210732 24 3080 3C80
KON 95.211347 32 3080 3C90
KON 95.211946 23 3061 52C0
KON 95.212529 25 3086 3780
KON 95.215824 30 5027 4D44
KON 95.216468 33 5049 4C44
KON 95.217046 41 508D 4EBC
KON 95.360429 43 507E 4D44
KON 95.367931 49 40B6 2180
KON 95.369107 50 5086 4D44
KON 95.374257 52 6155 3280
KON 95.374705 53 627A 4A80
KON 95.375130 00 62F6 4586
KON 95.375539 01 6263 5180
KON 95.376117 07 604B 3E80
KON 95.377940 08 307F 3980
KON 95.378593 27 307F 3990
KON 95.379200 28 3061 5260
KON 95.379783 02 3086 3480
KON 95.380544 10 504B 4C44
KON 95.383180 13 508D 4EBC
KON 95.436717 39 6049 3E80
KON 95.521519 48 6155 3880
KON 95.521944 62 627A 5080
KON 95.522355 29 62F6 4B86
KON 95.522754 33 6263 5780
KON 95.523287 35 6053 3C80
KON 95.524272 36 007F 4486
KON 95.524714 37 008F 4588
KON 95.540712 41 2074 4180
KON 95.541325 56 2074 4198
KON 95.545656 05 5027 4D44
KON 95.546284 19 5049 4C44
KON 95.551451 23 2073 3980
KON 95.552102 24 2073 3998
KON 95.553361 30 206C 3A80
KON 95.553974 32 206C 3A98
KON 95.555213 07 2074 3E80
KON 95.555903 10 2074 3E98
KON 95.558697 43 5008 42C6
KON 95.559276 50 409D 4380
KON 95.560455 52 5009 4D80
KON 95.561055 53 409D 43E0
KON 95.562016 49 40B6 1F80
KON 95.562704 60 5086 4D44
KON 95.564108 58 6057 3C80
KON 95.565534 55 206C 2B80
KON 95.566169 21 206C 2B98
KON 95.566802 17 507F 4D44
KON 95.576398 59 6155 3980
KON 95.576801 12 627A 5180
KON 95.577204 38 62F6 4C86
KON 95.577634 34 6263 5880
KON 95.578230 51 6056 3D80
KON 95.686173 00 5086 4D44
KON 95.693601 01 5009 4D80
KON 95.694172 08 409D 43E0
KON 95.701565 13 5008 42C6
KON 95.702128 27 409D 4380
KON 95.709106 28 5049 4C44
KON 95.709675 35 507F 4D44
KON 95.769584 39 6053 3D80
KON 95.860062 57 507E 4D44
KON 95.867435 63 5086 4D44
KON 95.875181 05 6155 3C80
KON 95.875584 17 627A 5480
KON 95.876009 18 62F6 4F86
KON 95.876408 19 6263 5B80
KON 95.876950 29 6050 4080
KON 95.879319 33 5007 3FD1
KON 95.879928 42 409D 4340
KON 95.880646 43 5049 4C44
KON 95.882021 47 5009 4C80
KON 95.882584 48 409D 43C0
KON 95.883201 50 507F 4D44
KON 96.037388 51 5086 4D44
KON 96.037957 52 507E 4D44
KON 96.041872 53 206D 3E80
KON 96.042494 58 206D 3E98
KON 96.043747 60 5027 4D44
KON 96.047266 62 40B8 2B80
KON 96.049207 11 5049 4C44
KON 96.054785 15 6056 4080
KON 96.056154 35 206C 3980
KON 96.056767 00 206C 3998
KON 96.058220 12 206C 3A80
KON 96.058834 27 206C 3A98
KON 96.061861 28 507F 4D44
KON 96.210494 34 6155 3D80
KON 96.210897 38 627A 5580
KON 96.211321 39 62F6 5086
KON 96.211721 59 6263 5C80
KON 96.212254 01 6053 4180
KON 96.213532 08 5007 3DD1
KON 96.214162 13 409D 4300
KON 96.215384 29 5008 42C6
KON 96.215947 43 409D 4380
KON 96.217116 50 5035 4D44
KON 96.222002 57 5086 4D44
KON 96.222571 63 507F 4D44
KON 96.235699 07 6155 3E80
KON 96.236102 23 627A 5680
KON 96.236505 24 62F6 5186
KON 96.236915 30 6263 5D80
KON 96.237457 32 6050 4280
KON 96.242020 33 6052 4180
KON 96.367513 42 5086 4D44
KON 96.374302 47 507F 4D44
KON 96.382001 48 5049 4C44
KON 96.388069 49 206C 3780
KON 96.388682 51 206C 3798
KON 96.408435 52 40B8 2680
KON 96.436644 60 6051 4280
KON 96.520399 05 507E 4D44
KON 96.529473 10 206D 3E80
KON 96.530094 11 206D 3E98
KON 96.534750 15 6155 4180
KON 96.535190 17 627A 5980
KON 96.535593 18 62F6 5486
KON 96.535992 19 6263 6080
KON 96.536534 28 6052 4580
KON 96.537753 35 206C 3A80
KON 96.538376 53 206C 3A98
KON 96.540723 58 206C 3980
KON 96.541337 00 206C 3998
KON 96.542503 12 5007 3FD1
KON 96.543075 27 409D 4340
KON 96.544358 50 5009 4C80
KON 96.544929 57 409D 43C0
KON 96.550116 59 5027 4D44
KON 96.550747 62 5049 4C44
KON 96.553795 63 507F 4D44
KON 96.561825 01 40B6 1F80
KON 96.562976 32 5086 4D44
KON 96.714336 33 5049 4C44
KON 96.722893 34 5086 4D44
KON 96.725796 38 507F 4D44
KON 96.741616 39 6056 4580
KON 96.756596 42 5008 42C6
KON 96.757167 47 409D 4380
KON 96.758351 48 5007 3DD1
KON 96.758913 60 409D 4300
KON 96.895169 07 6155 4380
KON 96.895594 23 627A 5B80
KON 96.895996 24 62F6 5686
KON 96.896396 30 6263 6280
KON 96.896937 52 605A 4380
KON 96.900042 05 5086 4D44
KON 96.980652 08 6155 4480
KON 96.981064 13 627A 5C80
KON 96.981467 28 62F6 5786
KON 96.981878 29 6263 6380
KON 96.982410 32 605B 4480
KON 96.985185 43 605D 4380
KON 97.048480 59 6155 4380
KON 97.048905 62 627A 5B80
KON 97.049308 63 62F6 5686
KON 97.049774 50 6263 6280
KON 97.050307 57 605C 4380
KON 97.051555 12 5049 4C44
KON 97.062865 15 5086 4D44
KON 97.063434 17 507F 4D44
KON 97.078436 18 307F 3A80
KON 97.079072 19 307F 3A90
KON 97.079680 27 3060 5280
KON 97.080263 33 3086 3580
KON 97.082633 34 605C 4480
KON 97.110333 38 6155 4180
KON 97.110737 39 627A 5980
KON 97.111139 48 62F6 5486
KON 97.111572 42 6263 6080
KON 97.112133 47 6053 4580
KON 97.126025 52 6059 4380
KON 97.166000 60 6055 4580
KON 97.180111 05 6155 3E80
KON 97.180514 32 627A 5680
KON 97.180917 43 62F6 5186
KON 97.181316 07 6263 5D80
KON 97.181878 12 6055 4280
KON 97.202127 17 6056 4280
KON 97.207744 23 507E 4D44
KON 97.222740 24 507F 4D44
KON 97.229151 30 5086 4D44
KON 97.251291 34 6155 4380
KON 97.251694 50 627A 5B80
KON 97.252097 52 62F6 5686
KON 97.252496 57 6263 6280
KON 97.253029 59 605F 4380
KON 97.255874 62 307F 3980
KON 97.256526 63 307F 3990
KON 97.257147 08 3061 5260
KON 97.257738 13 3086 3480
KON 97.259210 15 6155 4280
KON 97.259621 56 627A 5A80
KON 97.260024 21 62F6 5586
KON 97.260457 51 6263 6180
KON 97.261052 53 605B 4280
KON 97.284035 28 605E 4280
KON 97.381018 29 5027 4D44
KON 97.391066 38 5049 4C44
KON 97.391635 39 507E 4D44
KON 97.399153 42 5005 5180
KON 97.399840 47 409D 5060
KON 97.401945 48 40B8 2B80
KON 97.403213 60 507F 4D44
KON 97.403782 05 5086 4D44
KON 97.405917 07 605A 4380
KON 97.407725 12 307F 3780
KON 97.408340 17 307F 3790
KON 97.408939 18 3061 5220
KON 97.409531 19 3086 3280
KON 97.423290 23 6155 3E80
KON 97.423702 24 627A 5680
KON 97.424105 27 62F6 5186
KON 97.424504 30 6263 5D80
KON 97.425059 32 6053 4280
KON 97.429390 43 6155 3980
KON 97.429801 51 627A 5180
KON 97.430204 53 62F6 4C86
KON 97.430615 56 6263 5880
KON 97.431170 59 6056 3D80
KON 97.478273 01 6055 4280
KON 97.521750 08 6052 3D80
KON 97.549352 15 5005 5480
KON 97.549957 21 409D 50C0
KON 97.555854 28 5035 4D44
KON 97.562525 38 307F 3A80
KON 97.563148 39 307F 3A90
KON 97.563768 50 3061 5280
KON 97.564352 52 3086 3580
KON 97.582621 57 6155 4180
KON 97.583024 60 627A 5980
KON 97.583435 62 62F6 5486
KON 97.583890 63 6263 6080
KON 97.584444 05 6051 4580
KON 97.590183 07 5086 4D44
KON 97.590752 17 507F 4D44
KON 97.594825 18 6155 3C80
KON 97.595228 29 627A 5480
KON 97.595640 00 62F6 4F86
KON 97.596051 11 6263 5B80
KON 97.596633 42 6057 4080
KON 97.693841 32 6056 4080
KON 97.699665 34 40B6 1F80
KON 97.723731 47 503D 504D
KON 97.724359 59 5049 4C44
KON 97.728919 01 5006 4FFB
KON 97.729524 08 409D 5100
KON 97.733604 12 507F 4D44
KON 97.734173 23 5086 4D44
KON 97.735777 24 6155 3E80
KON 97.736180 27 627A 5680
KON 97.736604 28 62F6 5186
KON 97.737024 30 6263 5D80
KON 97.737557 43 6054 4280
KON 97.739203 48 307F 3A80
KON 97.739840 51 307F 3A90
KON 97.740439 53 3061 5280
KON 97.741031 56 3086 3580
KON 97.840113 05 6056 4280
KON 97.852833 07 6054 4580
KON 97.860356 17 40B6 2180
KON 97.868092 21 507E 4D44
KON 97.882170 38 508D 4EBC
KON 97.893107 39 5044 4F67
KON 97.893749 42 5049 4C44
KON 97.897697 50 5086 4D44
KON 97.906413 00 6155 4380
KON 97.906816 11 627A 5B80
KON 97.907249 12 62F6 5686
KON 97.907648 15 6263 6280
KON 97.908181 18 605F 4380
KON 97.909800 23 307F 3980
KON 97.910437 29 307F 3990
KON 97.911044 32 3061 5260
KON 97.911627 34 3086 3480
KON 98.026420 43 40B6 2280
KON 98.048281 47 5006 4FFB
KON 98.048865 59 409D 5100
KON 98.061282 05 508D 4EBC
KON 98.061873 24 504B 4C44
KON 98.062442 27 507E 4D44
KON 98.078760 28 307F 3980
KON 98.079383 30 307F 3990
KON 98.080003 35 3061 5260
KON 98.080586 38 3086 3480
KON 98.082871 41 6155 3E80
KON 98.083282 48 627A 5680
KON 98.083685 49 62F6 5186
KON 98.084096 50 6263 5D80
KON 98.084629 51 6055 4280
KON 98.117391 53 6155 4180
KON 98.117794 55 627A 5980
KON 98.118227 57 62F6 5486
KON 98.118638 58 6263 6080
KON 98.119171 60 6056 4580
KON 98.133076 62 605D 4380
KON 98.144918 63 6053 4580
KON 98.152336 01 6155 4080
KON 98.152748 07 627A 5880
KON 98.153151 08 62F6 5386
KON 98.153561 10 6263 5F80
KON 98.154116 18 6057 4480
KON 98.165211 21 6055 4480
KON 98.208984 32 5065 4D44
KON 98.222925 39 0081 5295
KON 98.223345 42 0091 52E6
KON 98.229814 17 5027 4D44
KON 98.230441 23 5049 4C44
KON 98.242439 24 206D 4080
KON 98.243082 27 206D 4098
KON 98.244404 29 2074 3C80
KON 98.245026 36 2074 3C98
KON 98.246447 37 2073 3980
KON 98.247069 51 2073 3998
KON 98.250871 00 206C 3580
KON 98.251514 05 206C 3598
KON 98.252591 11 40B8 2680
KON 98.253195 12 5065 4D44
KON 98.253764 15 5086 4D44
KON 98.256634 14 206C 2680
KON 98.257257 46 206C 2698
KON 98.259083 26 3080 3E80
KON 98.259706 09 3080 3E90
KON 98.260305 03 3061 5300
KON 98.260888 43 3086 3980
KON 98.353633 18 5005 5480
KON 98.354294 28 409D 50C0
KON 98.389133 30 6155 3C80
KON 98.389536 35 627A 5480
KON 98.389960 53 62F6 4F86
KON 98.390379 55 6263 5B80
KON 98.390912 57 6053 4080
KON 98.398066 58 5005 5380
KON 98.398735 60 409D 50A0
KON 98.401097 62 5049 4C44
KON 98.401666 63 5086 4D44
KON 98.403492 01 6051 4280
KON 98.437480 07 6051 4080
KON 98.439221 08 6155 3B80
KON 98.439632 10 627A 5380
KON 98.440035 17 62F6 4E86
KON 98.440434 21 6263 5A80
KON 98.440967 23 6053 3F80
KON 98.442174 32 5005 5180
KON 98.442758 12 409D 5060
KON 98.464126 15 6056 3F80
KON 98.472440 47 5005 4F80
KON 98.473024 18 409D 5020
KON 98.478829 40 6155 3980
KON 98.479232 04 627A 5180
KON 98.479635 45 62F6 4C86
KON 98.480056 22 6263 5880
KON 98.480621 41 6056 3D80
KON 98.498876 48 5004 4627
KON 98.499461 61 409D 4FE0
KON 98.507936 49 6054 3D80
KON 98.520995 50 6155 3780
KON 98.521398 57 627A 4F80
KON 98.521831 59 62F6 4A86
KON 98.522231 62 6263 5680
KON 98.522784 63 6053 3B80
KON 98.534658 01 5004 4527
KON 98.535241 03 409D 4FC0
KON 98.540967 09 6054 3B80
KON 98.542383 53 6155 3580
KON 98.542786 30 627A 4D80
KON 98.543189 17 62F6 4886
KON 98.543588 23 6263 5480
KON 98.544154 35 604D 4180
KON 98.556937 26 5086 4D44
KON 98.557553 28 5049 4C44
KON 98.562303 41 5004 4327
KON 98.562894 04 409D 4F80
KON 98.570571 08 604A 4180
KON 98.572019 10 6155 3480
KON 98.572422 27 627A 4C80
KON 98.572834 30 62F6 4786
KON 98.573255 17 6263 5380
KON 98.573862 06 604C 4080
KON 98.589961 32 6155 3280
KON 98.590364 35 627A 4A80
KON 98.590767 36 62F6 4586
KON 98.591208 40 6263 5180
KON 98.591763 45 604D 3E80
KON 98.596439 46 604F 4080
KON 98.597736 16 5003 4095
KON 98.598320 31 409D 4F40
KON 98.611234 55 6155 3080
KON 98.611645 58 627A 4880
KON 98.612070 60 62F6 4386
KON 98.612480 50 6263 4F80
KON 98.613075 51 604F 3C80
KON 98.619326 53 604A 3E80
KON 98.637720 07 604B 3C80
KON 98.707475 12 5086 4D44
KON 98.721653 15 5027 4D44
KON 98.728633 18 40B8 2680
KON 98.729899 21 5049 4C44
KON 98.880894 22 5086 4D44
KON 98.895588 47 5035 4D44
KON 98.896210 48 5049 4C44
KON 99.040934 49 5086 4D44
KON 99.061943 57 5049 4C44
KON 99.221799 59 5086 4D44
KON 99.229816 61 5027 4D44
KON 99.230447 62 5049 4C44
KON 99.242163 63 40B8 2680
KON 99.381071 01 5086 4D44
KON 99.394607 03 5049 4C44
KON 99.610196 04 5086 4D44
KON 99.610854 06 5049 4C44
KON 99.719966 08 5086 4D44
KON 99.738593 09 1047 3E80
KON 99.742866 10 5049 4C44
KON 99.754221 11 1009 3A8C
KON 99.897187 16 1047 4180
KON 99.898731 17 5086 4D44
KON 99.907943 23 1009 3D8C
KON 100.057526 26 5086 4D44
KON 100.068953 27 1048 4580
KON 100.071828 28 5049 4C44
KON 100.082846 30 100A 3A91
KON 100.230584 31 206C 3280
KON 100.231198 32 206C 3298
KON 100.241067 35 5035 4D44
KON 100.241683 36 5049 4C44
KON 100.251677 40 5086 4D44
KON 100.383201 41 206C 3580
KON 100.383824 45 206C 3598
KON 100.396227 46 5086 4D44
KON 100.410795 50 1047 4180
KON 100.413871 51 1009 3D8C
KON 100.414759 53 40B8 2680
KON 100.417925 55 5049 4C44
KON 100.543822 58 2074 3C80
KON 100.544435 60 2074 3C98
KON 100.561440 07 1048 4380
KON 100.562281 12 100A 3891
KON 100.575635 15 40B7 2480
KON 100.579130 21 5035 4D44
KON 100.593476 18 5049 4C44
KON 100.594067 48 5086 4D44
KON 100.690687 22 206C 3280
KON 100.691310 47 206C 3298
KON 100.726459 49 40B6 2180
KON 100.729715 57 5086 4D44
KON 100.751705 59 5035 4D44
KON 100.752274 61 504B 4C44
KON 100.891803 62 007F 4486
KON 100.892223 01 008F 4588
KON 100.905249 03 2074 3E80
KON 100.905884 04 2074 3E98
KON 100.906716 06 40B6 1F80
KON 100.909919 08 206C 3780
KON 100.910540 10 206C 3798
KON 100.911846 11 206D 3C80
KON 100.912468 09 206D 3C98
KON 100.913951 17 206D 4380
KON 100.914573 23 206D 4398
KON 100.916561 16 5027 4D44
KON 100.917177 26 5049 4C44
KON 100.920203 28 5056 534D
KON 100.920781 30 5086 4D44
KON 100.922789 27 2073 2B80
KON 100.923402 35 2073 2B98
KON 101.069317 36 5086 4D44
KON 101.077577 40 5049 4C44
KON 101.242365 63 5049 4C44
KON 101.256316 46 5086 4D44
KON 101.411642 51 5027 4D44
KON 101.412273 55 5049 4C44
KON 101.437323 50 2074 3E80
KON 101.437937 53 2074 3E98
KON 101.438984 12 40B6 1F80
KON 101.439586 18 5086 4D44
KON 101.446098 21 206C 3780
KON 101.446712 48 206C 3798
KON 101.450535 15 206D 3C80
KON 101.451178 57 206D 3C98
KON 101.457984 59 206D 4380
KON 101.458597 61 206D 4398
KON 101.576736 49 5035 4D44
KON 101.577380 39 5049 4C44
KON 101.744959 42 5049 4C44
KON 101.901763 58 40B6 1F80
KON 101.909566 60 5027 4D44
KON 101.910227 00 5049 4C44
KON 101.922457 05 206D 3C80
KON 101.923071 14 206D 3C98
KON 101.929693 16 206D 3E80
KON 101.930315 22 206D 3E98
KON 101.937806 24 2074 4380
KON 101.938427 26 2074 4398
KON 101.939847 28 206C 3780
KON 101.940507 29 206C 3798
KON 101.941224 30 5057 524D
KON 102.417337 31 5035 4D44
KON 102.417983 32 5049 4C44
KON 102.422749 37 40B6 1F80
KON 102.443883 41 206D 3C80
KON 102.444527 45 206D 3C98
KON 102.450791 47 206D 3E80
KON 102.451404 36 206D 3E98
KON 102.454942 40 206C 3780
KON 102.455555 63 206C 3798
KON 102.458270 46 206D 4380
KON 102.458892 03 206D 4398
KON 102.750055 06 5049 4C44
KON 102.925415 08 503D 504D
KON 102.926061 09 5049 4C44
KON 102.931650 10 206C 3780
KON 102.932293 11 206C 3798
KON 102.933522 17 206D 3C80
KON 102.934143 23 206D 3C98
KON 102.935394 51 206D 3E80
KON 102.936053 55 206D 3E98
KON 102.936877 04 40B6 1F80
KON 102.938135 18 206D 4380
KON 102.938748 21 206D 4398
KON 103.089457 48 5049 4C44
KON 103.251242 50 206D 3E80
KON 103.251886 53 206D 3E98
KON 103.253114 57 206D 3C80
KON 103.253736 59 206D 3C98
KON 103.254987 61 206C 3780
KON 103.255656 12 206C 3798
KON 103.257185 15 206D 4380
KON 103.257807 39 206D 4398
KON 103.259123 49 5044 5167
KON 103.259749 42 5049 4C44
KON 103.264761 60 40B6 1F80
KON 103.409149 00 1048 4580
KON 103.423793 30 504B 4C44
KON 103.457639 58 1048 4780
KON 103.492071 31 1049 4880
KON 103.519692 32 1049 4A80
KON 103.540144 37 1049 4C80
KON 103.569194 03 1049 4D80
KON 103.570924 05 100B 468C
KON 103.571759 14 100B 448C
KON 103.575015 16 100A 3891
KON 103.585214 22 206C 2B80
KON 103.585827 24 206C 2B98
KON 103.587056 26 206D 3C80
KON 103.587700 28 206D 3C98
KON 103.589004 29 206D 3E80
KON 103.589680 36 206D 3E98
KON 103.590719 40 40B6 1F80
KON 103.591997 41 206D 4380
KON 103.592632 45 206D 4398
KON 103.593911 46 206C 3780
KON 103.594525 47 206C 3798
KON 103.596296 63 5027 4D44
KON 103.597158 06 1049 4F80
KON 103.599788 08 100C 4F80
KON 103.601030 09 5049 4C44
KON 103.603686 48 5056 534D
KON 103.760077 04 5035 4D44
KON 103.760694 42 5049 4C44
KON 104.082933 49 100B 468C
KON 104.083778 60 100A 3891
KON 104.089394 07 100B 448C
KON 104.096136 30 5049 4C44
KON 104.103665 58 206D 3E80
KON 104.104279 00 206D 3E98
KON 104.105137 17 100C 4F80
KON 104.111666 18 206C 3780
KON 104.112279 21 206C 3798
KON 104.113508 23 206D 3C80
KON 104.114151 27 206D 3C98
KON 104.115380 31 206D 4380
KON 104.116002 32 206D 4398
KON 104.137446 35 40B6 1F80
KON 104.263942 37 503D 584D
KON 104.283634 39 503D 584D
KON 104.437228 48 5049 4C44
KON 104.568771 50 100B 448C
KON 104.575845 51 206D 3C80
KON 104.576458 53 206D 3C98
KON 104.577325 55 100B 468C
KON 104.582129 57 100A 3891
KON 104.592406 59 206D 4380
KON 104.593027 61 206D 4398
KON 104.594256 63 206D 3E80
KON 104.594870 03 206D 3E98
KON 104.596274 05 206C 3780
KON 104.596887 08 206C 3798
KON 104.597720 09 40B6 1F80
KON 104.598864 10 100C 4F80
KON 104.605538 11 503D 554D
KON 104.606155 12 5049 4C44
KON 104.606724 14 5057 524D
KON 104.623965 15 503D 554D
KON 105.089470 16 206C 3780
KON 105.090084 42 206C 3798
KON 105.098013 04 2074 4380
KON 105.098626 40 2074 4398
KON 105.099863 49 206D 3C80
KON 105.100499 60 206D 3C98
KON 105.101737 07 2074 3E80
KON 105.102350 30 2074 3E98
KON 105.103238 17 40B6 1F80
KON 105.105225 18 503D 524D
KON 105.108204 21 5049 4C44
KON 105.109853 23 100B 448C
KON 105.117637 26 100B 468C
KON 105.119345 27 100A 3891
KON 105.123855 28 100C 4F80
KON 105.439042 29 5049 4C44
KON 105.583117 31 2074 3E80
KON 105.583730 32 2074 3E98
KON 105.584563 35 40B6 1F80
KON 105.589783 36 2074 3C80
KON 105.590397 37 2074 3C98
KON 105.596686 41 2074 4380
KON 105.597308 45 2074 4398
KON 105.600910 46 2073 3780
KON 105.601524 47 2073 3798
KON 105.604226 58 100C 4F80
KON 105.605065 00 100A 3891
KON 105.605922 39 100B 448C
KON 105.610734 48 100B 468C
KON 105.613619 50 503D 504D
KON 105.614250 55 5049 4C44
KON 105.614841 57 5058 534D
KON 105.631155 11 503D 504D
KON 105.777574 12 5044 5167
KON 105.778244 14 5049 4C44
KON 105.908564 15 5056 534D
KON 105.922057 09 40B6 1F80
KON 105.930256 10 100C 4F80
KON 105.937903 18 100A 3891
KON 105.938733 21 100B 448C
KON 105.945697 23 2078 3C80
KON 105.946365 26 2078 3C98
KON 105.947860 27 2078 3E80
KON 105.948473 28 2078 3E98
KON 105.950006 17 2073 3780
KON 105.950619 29 2073 3798
KON 105.951959 39 2074 4380
KON 105.952572 50 2074 4398
KON 105.953417 55 100B 468C
KON 105.955298 57 5044 4F67
KON 105.955920 62 5049 4C44
KON 106.111736 01 100A 3B91
KON 106.112567 11 100C 5280
KON 106.118251 12 5049 4C44
KON 106.288229 14 007B 3DA0
KON 106.288671 35 008D 4499
KON 106.289690 48 007F 4486
KON 106.290110 58 008F 4588
KON 106.291126 00 007B 38A0
KON 106.291577 57 008B 39BE
KON 106.292593 62 0077 31A6
KON 106.293014 10 0089 38A3
KON 106.297599 15 1049 4880
KON 106.299354 18 1047 3C80
KON 106.312626 49 40B7 2480
KON 106.315320 50 30ED 1FC4
KON 106.324569 51 5056 534D
KON 106.325138 53 5057 524D
KON 106.325729 55 507D 4D44
KON 106.333464 59 100C 5480
KON 106.334329 60 100B 448C
KON 106.337655 61 1009 388C
KON 106.340635 63 5027 4D44
KON 106.341268 03 5049 4C44
KON 106.341838 04 5086 4D44
KON 106.446353 05 507D 4D44
KON 106.487461 07 5049 4C44
KON 106.550165 08 5049 4C44
KON 106.613334 09 007F 4486
KON 106.613754 16 008F 4588
KON 106.618888 17 007B 3DA0
KON 106.619317 21 008D 4499
KON 106.620548 22 007B 38A0
KON 106.620968 23 008B 39BE
KON 106.622014 24 0077 31A6
KON 106.622435 26 0089 38A3
KON 106.623023 27 507D 4D44
KON 106.638714 28 5086 4D44
KON 106.652178 29 5049 4C44
KON 106.784406 30 507D 4D44
KON 106.804891 31 5049 4C44
KON 106.952055 32 007F 4486
KON 106.952475 36 008F 4588
KON 106.953731 37 007B 3DA0
KON 106.954151 39 008D 4499
KON 106.955176 40 007B 38A0
KON 106.955596 41 008B 39BE
KON 106.956635 42 0077 31A6
KON 106.957063 45 0089 38A3
KON 106.957651 46 507D 4D44
KON 106.978398 47 5049 4C44
KON 106.985240 01 5086 4D44
KON 107.116793 06 507D 4D44
KON 107.138337 11 5049 4C44
KON 107.283591 12 507D 4D44
KON 107.311432 48 5049 4C44
KON 107.451387 50 007B 3DA0
KON 107.451807 51 008D 4499
KON 107.452853 53 007F 4486
KON 107.453273 55 008F 4588
KON 107.454978 57 0077 31A6
KON 107.455420 58 0089 38A3
KON 107.456436 59 007B 38A0
KON 107.456919 60 008B 39BE
KON 107.458062 61 507D 4D44
KON 107.486117 62 5049 4C44
KON 107.486687 63 5086 4D44
KON 107.617601 00 507D 4D44
KON 107.652132 03 5049 4C44
KON 107.784164 04 007F 4486
KON 107.784593 10 008F 4588
KON 107.791370 14 007B 3DA0
KON 107.791790 35 008D 4499
KON 107.792836 05 007B 38A0
KON 107.793256 07 008B 39BE
KON 107.794273 15 0077 31A6
KON 107.794693 18 0089 38A3
KON 107.798241 49 507D 4D44
KON 107.818333 08 5086 4D44
KON 107.832996 16 5049 4C44
KON 107.959975 17 507D 4D44
KON 107.992652 21 5049 4C44
KON 108.125914 22 007B 38A0
KON 108.126355 23 008B 39BE
KON 108.127376 24 007B 3DA0
KON 108.127796 26 008D 4499
KON 108.128821 27 007F 4486
KON 108.129263 28 008F 4588
KON 108.132470 29 0077 31A6
KON 108.132899 09 0089 38A3
KON 108.134461 30 5007 35D1
KON 108.135144 31 409D 4200
KON 108.136577 01 5007 3FD1
KON 108.137148 32 409D 4340
KON 108.137734 36 507D 4D44
KON 108.138303 37 503D 584D
KON 108.159409 39 5049 4C44
KON 108.166994 40 5086 4D44
KON 108.172327 41 30EA 5880
KON 108.172748 42 3003 5888
KON 108.202230 45 30EA 5680
KON 108.202660 46 3003 5688
KON 108.210073 47 5007 38D1
KON 108.210644 06 409D 4260
KON 108.211832 11 5009 4C80
KON 108.212395 48 409D 43C0
KON 108.221525 12 503D 554D
KON 108.230518 50 30EA 5480
KON 108.230940 51 3003 5488
KON 108.263097 53 30E9 5380
KON 108.263519 55 3003 5388
KON 108.292839 57 007B 3DA0
KON 108.293260 58 008D 4499
KON 108.294297 59 007F 4486
KON 108.294726 60 008F 4588
KON 108.295743 61 0077 31A6
KON 108.296164 62 0089 38A3
KON 108.297242 63 007B 38A0
KON 108.297717 00 008B 39BE
KON 108.299171 03 5007 3CD1
KON 108.299742 49 409D 42E0
KON 108.300951 04 5009 4F80
KON 108.301513 05 409D 4420
KON 108.305037 07 30E9 5180
KON 108.305458 08 3003 5188
KON 108.306044 10 507D 4D44
KON 108.311379 14 503D 524D
KON 108.326388 15 30E9 4F80
KON 108.326810 16 3003 4F88
KON 108.330751 18 5086 4D44
KON 108.331384 35 5049 4C44
KON 108.360294 17 30E8 4D80
KON 108.360715 21 3003 4D88
KON 108.378355 32 5008 42C6
KON 108.378934 36 409D 4380
KON 108.380156 37 500B 5480
KON 108.380756 39 409D 44C0
KON 108.387650 40 30E8 4C80
KON 108.388072 41 3003 4C88
KON 108.422699 42 30E8 4A80
KON 108.423120 01 3003 4A88
KON 108.459933 09 007B 3DA0
KON 108.460390 12 008D 4499
KON 108.461411 22 007F 4486
KON 108.461831 23 008F 4588
KON 108.464244 24 007B 38A0
KON 108.464664 26 008B 39BE
KON 108.465909 27 0077 31A6
KON 108.466329 28 0089 38A3
KON 108.467506 29 5009 4D80
KON 108.468098 30 409D 43E0
KON 108.469128 31 30E8 4880
KON 108.469549 45 3003 4888
KON 108.470772 46 500B 5880
KON 108.471381 47 409D 4540
KON 108.472059 48 503D 504D
KON 108.473426 50 6012 124E
KON 108.476408 51 507D 4D44
KON 108.485228 53 30E7 4780
KON 108.485658 55 3002 4788
KON 108.488328 06 5049 4C44
KON 108.488919 07 5086 4D44
KON 108.512662 08 30E7 4580
KON 108.513084 10 3002 4588
KON 108.540865 11 500A 5029
KON 108.541436 14 409D 4460
KON 108.542657 16 500B 5B80
KON 108.543228 18 409D 45A0
KON 108.547267 35 30E7 4380
KON 108.547688 49 3002 4388
KON 108.575080 57 30E6 4180
KON 108.575510 58 3002 4188
KON 108.603524 59 30E6 4080
KON 108.603946 60 3002 4088
KON 108.627051 61 007B 3DA0
KON 108.627471 62 008D 4499
KON 108.628509 63 007F 4486
KON 108.628937 00 008F 4588
KON 108.629953 03 007B 38A0
KON 108.630373 04 008B 39BE
KON 108.631453 05 0077 31A6
KON 108.631911 15 0089 38A3
KON 108.632817 17 1047 3C80
KON 108.634802 21 1009 388C
KON 108.635969 32 500B 5680
KON 108.636540 36 409D 4500
KON 108.637766 37 500B 6080
KON 108.638373 39 409D 4640
KON 108.639952 40 30E6 3E80
KON 108.640395 41 3002 3E88
KON 108.643279 42 5027 4D44
KON 108.643870 45 5044 5167
KON 108.644439 48 507D 4D44
KON 108.645704 51 6012 174E
KON 108.652535 53 5049 4C44
KON 108.660784 55 5044 4F67
KON 108.661353 01 5086 4D44
KON 108.665377 06 30E6 3C80
KON 108.665806 07 3002 3C88
KON 108.679948 08 5056 534D
KON 108.686861 09 5057 524D
KON 108.790854 10 507D 4D44
KON 108.832266 12 5049 4C44
KON 108.895084 22 5049 4C44
KON 108.957906 23 007F 4486
KON 108.958326 24 008F 4588
KON 108.959346 26 007B 3DA0
KON 108.959767 27 008D 4499
KON 108.965545 28 007B 38A0
KON 108.965987 29 008B 39BE
KON 108.969405 30 0077 31A6
KON 108.969825 31 0089 38A3
KON 108.970413 35 507D 4D44
KON 108.993026 46 5086 4D44
KON 108.999059 47 5049 4C44
KON 109.130878 49 507D 4D44
KON 109.152408 50 5049 4C44
KON 109.299373 57 007F 4486
KON 109.299815 58 008F 4588
KON 109.301074 11 007B 3DA0
KON 109.301494 14 008D 4499
KON 109.302532 16 007B 38A0
KON 109.302961 18 008B 39BE
KON 109.303977 21 0077 31A6
KON 109.304398 40 0089 38A3
KON 109.305015 41 507D 4D44
KON 109.325802 42 5049 4C44
KON 109.332753 45 5086 4D44
KON 109.466922 48 507D 4D44
KON 109.487254 53 5049 4C44
KON 109.637702 55 507D 4D44
KON 109.668210 59 5049 4C44
KON 109.803655 60 007B 3DA0
KON 109.804075 61 008D 4499
KON 109.805117 62 007F 4486
KON 109.805537 63 008F 4588
KON 109.806590 00 0077 31A6
KON 109.807019 01 0089 38A3
KON 109.808112 03 007B 38A0
KON 109.808532 04 008B 39BE
KON 109.809741 05 507D 4D44
KON 109.818764 08 1046 3780
KON 109.828058 09 1008 2DB0
KON 109.834648 15 5049 4C44
KON 109.848921 32 5086 4D44
KON 109.964910 36 507D 4D44
KON 110.006187 37 5049 4C44
KON 110.131220 39 007F 4486
KON 110.131662 10 008F 4588
KON 110.138595 12 007B 3DA0
KON 110.139015 06 008D 4499
KON 110.140268 07 007B 38A0
KON 110.140696 22 008B 39BE
KON 110.141713 35 0077 31A6
KON 110.142133 46 0089 38A3
KON 110.142752 47 507D 4D44
KON 110.179770 23 5049 4C44
KON 110.186606 24 5086 4D44
KON 110.304749 26 507D 4D44
KON 110.346442 27 5049 4C44
KON 110.472833 28 007B 38A0
KON 110.473253 29 008B 39BE
KON 110.474291 30 007B 3DA0
KON 110.474720 31 008D 4499
KON 110.475736 49 007F 4486
KON 110.476156 50 008F 4588
KON 110.477253 40 0077 31A6
KON 110.477674 41 0089 38A3
KON 110.479885 42 5007 3FD1
KON 110.480456 45 409D 4340
KON 110.481623 57 500B 5680
KON 110.482186 58 409D 4500
KON 110.482802 11 507D 4D44
KON 110.505972 14 5049 4C44
KON 110.527534 16 5086 4D44
KON 110.556330 18 5007 3AD1
KON 110.556910 21 409D 42A0
KON 110.558090 48 500A 5029
KON 110.558661 53 409D 4460
KON 110.639640 55 007B 3DA0
KON 110.640060 59 008D 4499
KON 110.641101 17 007F 4486
KON 110.641521 05 008F 4588
KON 110.642547 09 0077 31A6
KON 110.642967 15 0089 38A3
KON 110.644042 32 007B 38A0
KON 110.644526 60 008B 39BE
KON 110.645928 61 5007 37D1
KON 110.646499 62 409D 4240
KON 110.647667 63 5009 4D80
KON 110.648230 00 409D 43E0
KON 110.648846 01 507D 4D44
KON 110.672717 03 5049 4C44
KON 110.688981 04 5086 4D44
KON 110.724629 36 5007 33D1
KON 110.725200 37 409D 41C0
KON 110.726359 47 5008 42C6
KON 110.726930 06 409D 4380
KON 110.806597 07 007B 3DA0
KON 110.807017 10 008D 4499
KON 110.808248 12 007F 4486
KON 110.808676 22 008F 4588
KON 110.812039 23 007B 38A0
KON 110.812544 24 008B 39BE
KON 110.813775 35 0077 31A6
KON 110.814196 39 0089 38A3
KON 110.814814 46 5027 4D44
KON 110.815960 26 5007 32D1
KON 110.816531 27 409D 41A0
KON 110.817720 11 5007 3CD1
KON 110.818320 14 409D 42E0
KON 110.818954 16 507D 4D44
KON 110.819831 28 1048 4380
KON 110.820664 29 1047 4080
KON 110.822745 30 100A 3891
KON 110.823611 31 1009 3C8C
KON 110.825149 40 6012 124E
KON 110.833138 41 5049 4C44
KON 110.848632 42 5057 524D
KON 110.861128 45 5086 4D44
KON 110.890720 49 5007 37D1
KON 110.891291 50 409D 4240
KON 110.892522 57 5007 38D1
KON 110.893084 58 409D 4260
KON 110.973502 18 007D 456F
KON 110.973922 21 008D 4699
KON 110.974942 48 007F 4686
KON 110.975383 51 008F 4788
KON 110.976399 53 007B 3AA0
KON 110.976827 01 008B 3BBE
KON 110.977844 03 0077 31A6
KON 110.978286 04 0089 38A3
KON 110.979585 05 1048 4280
KON 110.980509 08 1047 3E80
KON 110.983665 09 1047 3C80
KON 110.984513 15 6012 174E
KON 110.985409 17 100A 3791
KON 110.986494 32 1009 3A8C
KON 110.987561 55 1009 388C
KON 110.988960 59 5007 35D1
KON 110.989531 60 409D 4200
KON 110.991032 61 507D 4D44
KON 110.991601 62 5056 534D
KON 110.992170 63 5027 4D44
KON 110.992816 00 5056 534D
KON 110.994620 06 5057 524D
KON 110.998896 16 5049 4C44
KON 111.040883 30 5086 4D44
KON 111.138054 31 507D 4D44
KON 111.166859 35 1023 4E80
KON 111.167830 36 1022 4A80
KON 111.172724 37 1021 4880
KON 111.180483 39 3101 4E80
KON 111.180902 41 5062 4C40
KON 111.187548 42 3101 4A80
KON 111.187989 45 5062 4840
KON 111.189229 46 3101 4880
KON 111.189656 47 5062 4640
KON 111.191463 07 5049 4C44
KON 111.242076 10 5049 4C44
KON 111.305238 11 007F 4686
KON 111.305658 12 008F 4788
KON 111.313250 14 007D 456F
KON 111.313691 22 008D 4699
KON 111.315746 23 007B 3AA0
KON 111.316166 24 008B 3BBE
KON 111.317187 26 0077 31A6
KON 111.317607 27 0089 38A3
KON 111.318195 28 507D 4D44
KON 111.331794 29 1023 4E80
KON 111.340471 40 1022 4A80
KON 111.341517 49 1021 4880
KON 111.342554 50 3101 4E80
KON 111.342973 55 5062 4C40
KON 111.344002 57 3101 4A80
KON 111.344421 58 5062 4840
KON 111.345522 61 3101 4880
KON 111.345996 62 5062 4640
KON 111.347237 63 5049 4C44
KON 111.374037 00 5086 4D44
KON 111.478127 06 507D 4D44
KON 111.500512 16 5049 4C44
KON 111.647656 17 007F 4686
KON 111.648076 30 008F 4788
KON 111.649096 32 007D 456F
KON 111.649516 48 008D 4699
KON 111.650562 51 007B 3AA0
KON 111.650982 53 008B 3BBE
KON 111.652054 59 0077 31A6
KON 111.652474 60 0089 38A3
KON 111.653703 01 507D 4D44
KON 111.673420 03 5049 4C44
KON 111.680159 04 1023 4E80
KON 111.687020 18 1022 4A80
KON 111.688013 21 1021 4880
KON 111.689029 31 3101 4E80
KON 111.689456 07 5062 4C40
KON 111.694381 35 3101 4A80
KON 111.694800 36 5062 4840
KON 111.698207 37 3101 4880
KON 111.698626 39 5062 4640
KON 111.701273 41 5086 4D44
KON 111.811561 42 507D 4D44
KON 111.833018 45 5049 4C44
KON 111.978184 46 507D 4D44
KON 112.006225 47 5049 4C44
KON 112.152656 10 007D 456F
KON 112.153076 28 008D 4699
KON 112.154092 57 007F 4686
KON 112.154521 58 008F 4788
KON 112.155559 63 0077 31A6
KON 112.156034 00 0089 38A3
KON 112.157253 11 007B 3AA0
KON 112.157673 12 008B 3BBE
KON 112.159031 14 507D 4D44
KON 112.181558 22 5049 4C44
KON 112.195790 23 3101 4E80
KON 112.196209 24 5062 4C40
KON 112.202751 26 3101 4A80
KON 112.203170 27 5062 4840
KON 112.205690 29 5086 4D44
KON 112.210758 40 1023 4E80
KON 112.214076 49 1022 4A80
KON 112.215117 50 3101 4880
KON 112.215536 55 5062 4640
KON 112.216758 61 1021 4880
KON 112.323940 62 507D 4D44
KON 112.353022 06 5049 4C44
KON 112.480646 16 007F 4686
KON 112.481066 01 008F 4788
KON 112.489450 03 007D 456F
KON 112.489870 17 008D 4699
KON 112.490946 30 007B 3AA0
KON 112.491366 32 008B 3BBE
KON 112.492631 35 0077 31A6
KON 112.493051 36 0089 38A3
KON 112.494399 37 5035 4D44
KON 112.497736 39 507D 4D44
KON 112.535407 41 5049 4C44
KON 112.536006 48 5086 4D44
KON 112.543476 51 1023 4E80
KON 112.544500 53 3101 4E80
KON 112.544941 59 5062 4C40
KON 112.550429 60 3101 4880
KON 112.550870 04 5062 4640
KON 112.551904 07 3101 4A80
KON 112.552323 18 5062 4840
KON 112.557234 21 1022 4A80
KON 112.558205 31 1021 4880
KON 112.651947 42 507D 4D44
KON 112.686754 45 5049 4C44
KON 112.823409 46 007B 3AA0
KON 112.823829 47 008B 3BBE
KON 112.824850 14 007D 456F
KON 112.825320 22 008D 4699
KON 112.828578 29 007F 4686
KON 112.828998 50 008F 4788
KON 112.830323 55 0077 31A6
KON 112.830752 57 0089 38A3
KON 112.832260 58 5007 35D1
KON 112.832914 63 409D 4200
KON 112.833500 00 503D 504D
KON 112.834069 10 507D 4D44
KON 112.852383 11 1023 4E80
KON 112.853375 12 1022 4A80
KON 112.854392 23 3101 4E80
KON 112.854811 24 5062 4C40
KON 112.855878 26 3101 4A80
KON 112.856319 27 5062 4840
KON 112.857300 28 1021 4880
KON 112.858643 40 3101 4880
KON 112.859084 49 5062 4640
KON 112.861571 61 5049 4C44
KON 112.868676 62 5086 4D44
KON 112.909187 06 5007 39D1
KON 112.909758 37 409D 4280
KON 112.988763 39 007D 456F
KON 112.989183 41 008D 4699
KON 112.990237 48 007F 4686
KON 112.990703 01 008F 4788
KON 112.991741 03 0077 31A6
KON 112.992161 07 0089 38A3
KON 112.993180 16 007B 3AA0
KON 112.993600 17 008B 3BBE
KON 112.994852 18 5007 3CD1
KON 112.995423 21 409D 42E0
KON 112.999440 30 507D 4D44
KON 113.006535 31 1023 4E80
KON 113.016192 32 1022 4A80
KON 113.017251 35 1021 4880
KON 113.018268 36 3101 4E80
KON 113.018687 51 5062 4C40
KON 113.019758 53 3101 4A80
KON 113.020184 59 5062 4840
KON 113.021259 60 3101 4880
KON 113.021679 04 5062 4640
KON 113.026444 42 5049 4C44
KON 113.037115 45 5086 4D44
KON 113.075460 00 5008 42C6
KON 113.076031 10 409D 4380
KON 113.141037 22 5027 4D44
KON 113.156676 23 007D 456F
KON 113.157096 24 008D 4699
KON 113.158942 26 007F 4686
KON 113.159384 27 008F 4788
KON 113.160416 28 007B 3AA0
KON 113.160836 29 008B 3BBE
KON 113.161883 40 0077 31A6
KON 113.162303 46 0089 38A3
KON 113.163261 47 6012 124E
KON 113.164652 49 5009 4E80
KON 113.165223 50 409D 4400
KON 113.166137 55 5044 5167
KON 113.174396 57 507D 4D44
KON 113.174996 58 5057 524D
KON 113.181764 61 1023 4E80
KON 113.184146 62 5049 4C44
KON 113.188951 63 1022 4A80
KON 113.189941 11 1021 4880
KON 113.191000 12 3101 4E80
KON 113.191450 14 5062 4C40
KON 113.198287 30 3101 4880
KON 113.198706 37 5062 4640
KON 113.203112 42 3101 4A80
KON 113.203562 01 5062 4840
KON 113.205612 03 5086 4D44
KON 113.249843 04 500A 5029
KON 113.250436 06 409D 4460
KON 113.321949 07 007D 466F
KON 113.322378 15 008D 4799
KON 113.323394 16 007F 4786
KON 113.323814 17 008F 4888
KON 113.324855 18 007B 3BA0
KON 113.325275 21 008B 3CBE
KON 113.329049 31 1048 4380
KON 113.330909 32 1047 3F80
KON 113.332029 35 0077 31A6
KON 113.332449 36 0089 38A3
KON 113.333314 39 6012 174E
KON 113.334146 41 100A 3891
KON 113.335024 45 1009 3B8C
KON 113.336203 48 500B 5680
KON 113.336782 51 409D 4500
KON 113.348937 53 5044 4F67
KON 113.349515 59 507D 4D44
KON 113.350084 60 5027 4D44
KON 113.350675 00 5056 534D
KON 113.356816 10 5056 534D
KON 113.357415 22 5057 524D
KON 113.364176 23 5049 4C44
KON 113.364767 24 5086 4D44
KON 113.495867 26 507D 4D44
KON 113.536370 27 5049 4C44
KON 113.592692 28 5049 4C44
KON 113.663648 29 007F 4786
KON 113.664123 40 008F 4888
KON 113.665357 42 007D 466F
KON 113.665777 46 008D 4799
KON 113.666823 49 007B 3BA0
KON 113.667243 50 008B 3CBE
KON 113.668260 55 0077 31A6
KON 113.668689 57 0089 38A3
KON 113.669276 58 507D 4D44
KON 113.682458 61 5086 4D44
KON 113.696643 62 5049 4C44
KON 113.829585 63 507D 4D44
KON 113.848035 01 5049 4C44
KON 113.994952 03 007F 4786
KON 113.995372 05 008F 4888
KON 113.996418 08 007D 466F
KON 113.996838 09 008D 4799
KON 113.997862 11 007B 3BA0
KON 113.998330 12 008B 3CBE
KON 113.999533 14 0077 31A6
KON 113.999953 30 0089 38A3
KON 114.001216 37 507D 4D44
KON 114.022539 47 5049 4C44
KON 114.031890 53 5086 4D44
KON 114.162910 59 507D 4D44
KON 114.181418 60 5049 4C44
KON 114.327725 00 507D 4D44
KON 114.361101 04 5049 4C44
KON 114.496708 06 007D 466F
KON 114.497150 10 008D 4799
KON 114.500385 22 007F 4786
KON 114.500805 23 008F 4888
KON 114.501822 24 0077 31A6
KON 114.502242 35 0089 38A3
KON 114.503344 36 007B 3BA0
KON 114.503764 41 008B 3CBE
KON 114.506575 45 507D 4D44
KON 114.528926 48 1046 3A80
KON 114.531697 51 5049 4C44
KON 114.536336 07 1047 3F80
KON 114.538914 15 1009 3B8C
KON 114.539980 16 1008 30B0
KON 114.540561 17 5086 4D44
KON 114.667734 18 507D 4D44
KON 114.703748 21 5049 4C44
KON 114.837502 26 007F 4786
KON 114.837923 27 008F 4888
KON 114.839146 28 007D 466F
KON 114.839604 49 008D 4799
KON 114.840624 50 007B 3BA0
KON 114.841044 55 008B 3CBE
KON 114.844225 57 0077 31A6
KON 114.844654 58 0089 38A3
KON 114.845264 61 507D 4D44
KON 114.862339 62 5086 4D44
KON 114.875716 29 5049 4C44
KON 114.998892 40 507D 4D44
KON 115.037009 42 5049 4C44
KON 115.170963 46 007B 3BA0
KON 115.171405 63 008B 3CBE
KON 115.172429 01 007D 466F
KON 115.172849 37 008D 4799
KON 115.174579 53 007F 4786
KON 115.174999 30 008F 4888
KON 115.176230 47 0077 31A6
KON 115.176680 03 0089 38A3
KON 115.177268 05 507D 4D44
KON 115.201911 08 5049 4C44
KON 115.209052 09 5086 4D44
KON 115.335178 11 007D 466F
KON 115.335598 12 008D 4799
KON 115.336618 14 007F 4786
KON 115.337038 59 008F 4888
KON 115.338096 60 0077 31A6
KON 115.338560 00 0089 38A3
KON 115.339775 32 007B 3BA0
KON 115.340203 04 008B 3CBE
KON 115.341523 31 507D 4D44
KON 115.369118 45 5086 4D44
KON 115.370545 51 5049 4C44
KON 115.496058 15 5027 4D44
KON 115.510495 16 007D 466F
KON 115.510915 17 008D 4799
KON 115.511931 22 007F 4786
KON 115.512359 23 008F 4888
KON 115.513397 24 007B 3BA0
KON 115.513817 35 008B 3CBE
KON 115.514838 36 0077 31A6
KON 115.515258 41 0089 38A3
KON 115.518042 06 6012 124E
KON 115.524273 10 507D 4D44
KON 115.539196 18 1048 4680
KON 115.540012 21 1048 4380
KON 115.542895 29 100A 3B91
KON 115.543734 49 100A 3891
KON 115.550042 50 5049 4C44
KON 115.550611 55 5086 4D44
KON 115.567444 57 5057 524D
KON 115.672340 58 007D 486F
KON 115.672760 61 008F 4388
KON 115.673777 62 007F 4986
KON 115.674205 26 0091 50E6
KON 115.693103 27 1048 4580
KON 115.693919 28 1047 4180
KON 115.694740 40 1047 3C80
KON 115.696874 42 007B 3AA0
KON 115.697294 05 008B 3BBE
KON 115.698366 08 0077 31A6
KON 115.698795 09 0089 38A3
KON 115.700001 30 6012 174E
KON 115.703936 37 100A 3A91
KON 115.704767 46 1009 3D8C
KON 115.705628 47 1009 388C
KON 115.711017 53 5027 4D44
KON 115.711617 63 507D 4D44
KON 115.712186 01 5056 534D
KON 115.725339 03 5057 524D
KON 115.725938 31 5056 534D
KON 115.728835 45 5049 4C44
KON 115.729404 48 5086 4D44
KON 115.842072 51 507D 4D44
KON 115.853200 00 1022 4C80
KON 115.854167 04 1021 4880
KON 115.860481 07 1023 4D80
KON 115.871004 11 3101 4880
KON 115.871432 12 5062 4640
KON 115.872457 14 3101 4C80
KON 115.872876 32 5062 4A40
KON 115.881259 39 3101 4D80
KON 115.881686 59 5062 4B40
KON 115.891684 60 5049 4C44
KON 115.943744 10 5049 4C44
KON 116.019661 15 007F 4986
KON 116.020082 16 0091 50E6
KON 116.021123 17 007D 486F
KON 116.021543 22 008F 4388
KON 116.024852 23 007B 3AA0
KON 116.025272 24 008B 3BBE
KON 116.026518 29 0077 31A6
KON 116.026947 35 0089 38A3
KON 116.027534 36 507D 4D44
KON 116.041229 41 1021 4880
KON 116.042196 49 1023 4D80
KON 116.043167 50 1022 4C80
KON 116.044471 55 3101 4C80
KON 116.044890 57 5062 4A40
KON 116.047995 06 5086 4D44
KON 116.054895 18 3101 4880
KON 116.055314 21 5062 4640
KON 116.056547 53 3101 4D80
KON 116.056966 63 5062 4B40
KON 116.058924 01 5049 4C44
KON 116.180493 03 507D 4D44
KON 116.201852 26 5049 4C44
KON 116.343459 31 007F 4986
KON 116.343879 37 0091 50E6
KON 116.344899 42 007D 486F
KON 116.345319 45 008F 4388
KON 116.346366 46 007B 3AA0
KON 116.346841 47 008B 3BBE
KON 116.348056 48 0077 31A6
KON 116.348522 58 0089 38A3
KON 116.349110 61 507D 4D44
KON 116.363445 62 1021 4880
KON 116.364413 05 1022 4C80
KON 116.369414 08 1023 4D80
KON 116.372081 09 5049 4C44
KON 116.381743 51 3101 4C80
KON 116.382162 60 5062 4A40
KON 116.383321 00 5086 4D44
KON 116.388429 04 3101 4880
KON 116.388848 07 5062 4640
KON 116.389877 11 3101 4D80
KON 116.390296 12 5062 4B40
KON 116.506532 14 507D 4D44
KON 116.526966 32 5049 4C44
KON 116.673519 39 507D 4D44
KON 116.707438 59 5049 4C44
KON 116.839475 10 007D 486F
KON 116.839895 36 008F 4388
KON 116.848014 41 007F 4986
KON 116.848442 49 0091 50E6
KON 116.849696 50 0077 31A6
KON 116.850116 55 0089 38A3
KON 116.851141 57 007B 3AA0
KON 116.851561 01 008B 3BBE
KON 116.852149 06 507D 4D44
KON 116.875224 15 1023 4D80
KON 116.876412 16 1021 4880
KON 116.877062 17 5049 4C44
KON 116.881047 18 1022 4C80
KON 116.887817 21 5086 4D44
KON 116.902602 22 3101 4880
KON 116.903021 23 5062 4640
KON 116.904194 24 5035 4D44
KON 116.909528 29 3101 4D80
KON 116.909955 35 5062 4B40
KON 116.910981 53 3101 4C80
KON 116.911400 63 5062 4A40
KON 116.924390 03 5035 4D44
KON 117.013397 26 507D 4D44
KON 117.048339 61 5049 4C44
KON 117.180731 00 007F 4986
KON 117.181151 05 0091 50E6
KON 117.182412 09 007D 486F
KON 117.182832 31 008F 4388
KON 117.183849 37 007B 3AA0
KON 117.184277 42 008B 3BBE
KON 117.185315 45 0077 31A6
KON 117.185736 46 0089 38A3
KON 117.186333 47 507D 4D44
KON 117.207831 48 3101 4D80
KON 117.208250 51 5062 4B40
KON 117.209300 58 3101 4C80
KON 117.209720 60 5062 4A40
KON 117.210745 62 3101 4880
KON 117.211173 04 5062 4640
KON 117.214758 07 1022 4C80
KON 117.215987 08 5035 4D44
KON 117.222344 11 1021 4880
KON 117.223532 12 1023 4D80
KON 117.224166 14 5049 4C44
KON 117.228702 32 5086 4D44
KON 117.346748 39 507D 4D44
KON 117.381558 59 5049 4C44
KON 117.518049 06 007B 3AA0
KON 117.518478 16 008B 3BBE
KON 117.519515 17 007D 486F
KON 117.519935 18 008F 4388
KON 117.520955 21 007F 4986
KON 117.521430 24 0091 50E6
KON 117.524925 35 0077 31A6
KON 117.525345 36 0089 38A3
KON 117.525933 41 507D 4D44
KON 117.542791 49 5035 4D44
KON 117.550245 50 1022 4C80
KON 117.551269 53 3101 4C80
KON 117.551688 55 5062 4A40
KON 117.558945 57 1021 4880
KON 117.560410 63 1023 4D80
KON 117.561513 01 3101 4D80
KON 117.561932 03 5062 4B40
KON 117.563136 10 3101 4880
KON 117.563623 15 5062 4640
KON 117.564263 22 5049 4C44
KON 117.574513 23 5086 4D44
KON 117.686247 26 007D 486F
KON 117.686667 29 008F 4388
KON 117.687705 61 007F 4986
KON 117.688125 32 0091 50E6
KON 117.689150 37 0077 31A6
KON 117.689570 42 0089 38A3
KON 117.690613 45 007B 3AA0
KON 117.691033 46 008B 3BBE
KON 117.696834 47 1048 4680
KON 117.700106 48 100A 3B91
KON 117.703516 51 507D 4D44
KON 117.712097 58 503D 504D
KON 117.724107 60 1021 4880
KON 117.725070 62 1022 4C80
KON 117.727068 00 1023 4D80
KON 117.728093 04 3101 4880
KON 117.728512 05 5062 4640
KON 117.738224 07 3101 4C80
KON 117.738643 08 5062 4A40
KON 117.739722 09 3101 4D80
KON 117.740141 11 5062 4B40
KON 117.741777 12 5049 4C44
KON 117.847825 14 007D 486F
KON 117.848349 31 008F 4388
KON 117.849365 39 007F 4986
KON 117.849785 59 0091 50E6
KON 117.850806 41 007B 3AA0
KON 117.851247 49 008B 3BBE
KON 117.856229 06 0077 31A6
KON 117.856649 10 0089 38A3
KON 117.857560 15 6012 174E
KON 117.861145 16 5027 4D44
KON 117.861714 17 507D 4D44
KON 117.867603 18 1049 4880
KON 117.868713 21 100B 448C
KON 117.870562 22 1023 4D80
KON 117.871753 23 1022 4C80
KON 117.872356 24 5044 4F67
KON 117.878905 27 1021 4780
KON 117.879928 28 1021 4880
KON 117.881188 35 3101 4880
KON 117.881607 36 5062 4640
KON 117.882268 40 5049 4C44
KON 117.886816 50 3101 4C80
KON 117.887244 53 5062 4A40
KON 117.888315 55 3101 4D80
KON 117.888734 57 5062 4B40
KON 118.015490 63 007D 456F
KON 118.015910 01 008D 4699
KON 118.016956 03 007F 4886
KON 118.017376 48 0091 4FE6
KON 118.020355 51 007B 3DA0
KON 118.020775 58 008D 4499
KON 118.022027 62 007B 38A0
KON 118.022456 00 008B 39BE
KON 118.023043 04 5027 4D44
KON 118.028000 05 1049 4A80
KON 118.028894 07 1048 4380
KON 118.029776 08 6012 124E
KON 118.030849 09 100B 468C
KON 118.031937 11 100A 3891
KON 118.033337 12 5035 4D44
KON 118.033928 26 5086 4D44
KON 118.034580 29 5049 4C44
KON 118.037081 30 1049 4880
KON 118.040343 32 100B 448C
KON 118.041368 37 3101 4A80
KON 118.041787 42 5062 4840
KON 118.042842 45 3101 4880
KON 118.043261 46 5062 4640
KON 118.044287 47 3101 4380
KON 118.044706 60 5062 4140
KON 118.047454 61 5035 4D44
KON 118.055592 06 5057 524D
KON 118.056161 10 5056 534D
KON 118.345606 14 6012 124E
KON 118.354710 16 007F 4886
KON 118.355152 17 0091 4FE6
KON 118.356392 18 007D 456F
KON 118.356834 21 008D 4699
KON 118.360095 22 007B 3DA0
KON 118.360523 23 008D 4499
KON 118.361754 24 007B 38A0
KON 118.362196 27 008B 39BE
KON 118.362792 28 5035 4D44
KON 118.363362 31 5086 4D44
KON 118.368207 35 1048 4380
KON 118.369123 36 100A 3891
KON 118.370893 39 3101 4380
KON 118.371312 40 5062 4140
KON 118.372551 41 3101 4880
KON 118.373000 49 5062 4640
KON 118.373640 50 5049 4C44
KON 118.375898 53 1049 4880
KON 118.376754 55 1049 4A80
KON 118.377589 57 100B 448C
KON 118.378420 59 100B 468C
KON 118.379471 15 3101 4A80
KON 118.379890 32 5062 4840
KON 118.672081 61 6012 124E
KON 118.687800 04 007F 4886
KON 118.688229 06 0091 4FE6
KON 118.689835 07 007D 456F
KON 118.690263 09 008D 4699
KON 118.691301 10 007B 3DA0
KON 118.691721 11 008D 4499
KON 118.692796 12 007B 38A0
KON 118.693216 26 008B 39BE
KON 118.695294 29 5035 4D44
KON 118.695863 30 5086 4D44
KON 118.709465 37 1048 4380
KON 118.710440 42 1049 4880
KON 118.711265 45 1049 4A80
KON 118.712098 46 100A 3891
KON 118.712959 47 100B 448C
KON 118.714761 48 3101 4A80
KON 118.715235 51 5062 4840
KON 118.716475 58 3101 4880
KON 118.716902 60 5062 4640
KON 118.717766 62 100B 468C
KON 118.718793 63 3101 4380
KON 118.719212 00 5062 4140
KON 118.719853 01 5049 4C44
KON 118.860445 03 504B 4C44
KON 118.880982 05 503D 504D
KON 119.027657 08 5049 4C44
KON 119.041268 28 5044 4F67
KON 119.187300 31 007D 456F
KON 119.187720 32 008D 4699
KON 119.188744 35 007F 4886
KON 119.189185 36 0091 4FE6
KON 119.195200 39 007B 38A0
KON 119.195620 40 008B 39BE
KON 119.196855 41 007B 3DA0
KON 119.197297 49 008D 4499
KON 119.198140 50 6012 124E
KON 119.198719 53 503D 584D
KON 119.215348 55 3101 4A80
KON 119.215767 57 5062 4840
KON 119.217036 59 3101 4380
KON 119.217455 14 5062 4140
KON 119.220283 15 5049 4C44
KON 119.222364 16 1048 4380
KON 119.223242 17 1049 4880
KON 119.224076 18 100A 3891
KON 119.225103 21 3101 4880
KON 119.225522 22 5062 4640
KON 119.228310 23 1049 4A80
KON 119.229231 24 100B 448C
KON 119.231082 27 100B 468C
KON 119.231663 29 5086 4D44
KON 119.514395 30 6012 124E
KON 119.520661 46 5086 4D44
KON 119.528829 47 007F 4886
KON 119.529249 48 0091 4FE6
KON 119.530488 51 007D 456F
KON 119.530908 58 008D 4699
KON 119.531925 60 007B 3DA0
KON 119.532374 61 008D 4499
KON 119.533446 62 007B 38A0
KON 119.533866 63 008B 39BE
KON 119.534693 00 503D 554D
KON 119.535315 01 5049 4C44
KON 119.542065 04 1048 4380
KON 119.543048 06 1049 4A80
KON 119.543880 07 100A 3891
KON 119.544719 09 100B 468C
KON 119.545735 10 3101 4380
KON 119.546176 11 5062 4140
KON 119.547206 12 3101 4A80
KON 119.547662 26 5062 4840
KON 119.548530 37 1049 4880
KON 119.550186 42 100B 448C
KON 119.551213 45 3101 4880
KON 119.551632 03 5062 4640
KON 119.839157 05 6012 124E
KON 119.853871 08 5086 4D44
KON 119.861879 28 007B 3DA0
KON 119.862300 53 008D 4499
KON 119.863338 14 007D 456F
KON 119.863758 15 008D 4699
KON 119.864782 16 007F 4886
KON 119.865202 17 0091 4FE6
KON 119.866244 18 007B 38A0
KON 119.866664 21 008B 39BE
KON 119.867806 22 1048 4380
KON 119.868702 23 100A 3891
KON 119.870924 24 503D 504D
KON 119.871546 27 5049 4C44
KON 119.875346 29 1049 4880
KON 119.876179 31 1049 4A80
KON 119.877022 32 100B 448C
KON 119.877853 35 100B 468C
KON 119.880740 36 3101 4380
KON 119.881159 39 5062 4140
KON 119.888529 40 3101 4A80
KON 119.888948 41 5062 4840
KON 119.889973 49 3101 4880
KON 119.890392 50 5062 4640
KON 119.999309 55 6012 124E
KON 120.028418 57 007D 456F
KON 120.028838 59 008D 4699
KON 120.032321 46 007F 4886
KON 120.032762 00 0091 4FE6
KON 120.033853 01 007B 38A0
KON 120.034337 07 008B 39BE
KON 120.035581 09 007B 3DA0
KON 120.036001 26 008D 4499
KON 120.036597 30 5086 4D44
KON 120.037399 37 1048 4380
KON 120.038263 42 100A 3891
KON 120.038844 45 5044 5167
KON 120.042439 47 1049 4880
KON 120.043292 48 1049 4A80
KON 120.044204 51 100B 448C
KON 120.045264 58 100B 468C
KON 120.046310 60 3101 4380
KON 120.046729 61 5062 4140
KON 120.047445 62 5049 4C44
KON 120.048481 63 3101 4A80
KON 120.048900 03 5062 4840
KON 120.049925 04 3101 4880
KON 120.050344 06 5062 4640
KON 120.172421 10 6012 124E
KON 120.195309 11 1049 4A80
KON 120.196221 12 1049 4880
KON 120.197286 08 100B 468C
KON 120.198401 23 100B 448C
KON 120.198980 24 504B 4C44
KON 120.199550 27 5086 4D44
KON 120.203212 32 1048 4380
KON 120.204247 35 007D 456F
KON 120.204667 49 008D 4699
KON 120.205683 50 007F 4886
KON 120.206112 05 0091 4FE6
KON 120.207242 14 007B 3DA0
KON 120.207662 15 008D 4499
KON 120.208914 16 007B 38A0
KON 120.209355 17 008B 39BE
KON 120.210460 18 100A 3891
KON 120.211497 21 3101 4380
KON 120.211917 22 5062 4140
KON 120.212513 28 5044 4F67
KON 120.214353 29 5057 524D
KON 120.215360 31 3101 4A80
KON 120.215779 36 5062 4840
KON 120.216827 39 3101 4880
KON 120.217268 40 5062 4640
KON 120.346838 41 6012 124E
KON 120.353756 53 5086 4D44
KON 120.362024 30 007D 456F
KON 120.362444 37 008D 4699
KON 120.363654 42 5056 534D
KON 120.368255 45 007F 4886
KON 120.368675 46 0091 4FE6
KON 120.369691 47 007B 3DA0
KON 120.370142 48 008D 4499
KON 120.371158 51 007B 38A0
KON 120.371578 55 008B 39BE
KON 120.372610 57 3101 4380
KON 120.373051 58 5062 4140
KON 120.376366 59 1049 4D80
KON 120.377257 60 1049 4A80
KON 120.378124 61 1048 4380
KON 120.379198 62 100B 468C
KON 120.380312 63 100A 3891
KON 120.381330 00 3101 4A80
KON 120.381749 01 5062 4840
KON 120.382875 03 3101 4880
KON 120.383294 04 5062 4640
KON 120.383882 06 5035 4D44
KON 120.384550 07 5049 4C44
KON 120.386813 09 1049 4880
KON 120.387648 26 100B 448C
KON 120.395208 49 5035 4D44
KON 120.701991 50 007F 4886
KON 120.702411 05 0091 4FE6
KON 120.703449 08 007D 456F
KON 120.703869 10 008D 4699
KON 120.705496 11 007B 3DA0
KON 120.705938 12 008D 4499
KON 120.706962 14 007B 38A0
KON 120.707382 15 008B 39BE
KON 120.708317 16 6012 124E
KON 120.709364 17 1049 4D80
KON 120.711479 18 5035 4D44
KON 120.712069 21 5086 4D44
KON 120.712700 22 5049 4C44
KON 120.714629 23 1048 4380
KON 120.715521 24 100A 3891
KON 120.716546 27 3101 4380
KON 120.716965 28 5062 4140
KON 120.722352 29 1049 4880
KON 120.723281 31 1049 4A80
KON 120.724138 32 100B 448C
KON 120.724977 35 100B 468C
KON 120.725995 36 3101 4A80
KON 120.726414 39 5062 4840
KON 120.727508 40 3101 4880
KON 120.727927 42 5062 4640
KON 121.027137 49 3101 4380
KON 121.027556 53 5062 4140
KON 121.035027 57 007F 4886
KON 121.035447 58 0091 4FE6
KON 121.036489 62 007D 456F
KON 121.036909 63 008D 4699
KON 121.040069 00 007B 3DA0
KON 121.040489 01 008D 4499
KON 121.041602 03 007B 38A0
KON 121.042086 04 008B 39BE
KON 121.043345 06 3101 4A80
KON 121.043786 07 5062 4840
KON 121.044872 09 6012 124E
KON 121.045913 26 3101 4880
KON 121.046341 30 5062 4640
KON 121.046982 37 5035 4D44
KON 121.047834 41 5049 4C44
KON 121.048412 45 5086 4D44
KON 121.056678 46 1048 4380
KON 121.057606 47 1049 4880
KON 121.058426 48 1049 4D80
KON 121.059242 51 1049 4A80
KON 121.060097 55 100A 3891
KON 121.060936 59 100B 448C
KON 121.064036 60 100B 468C
KON 121.194500 61 5049 4C44
KON 121.201167 16 503D 584D
KON 121.368909 18 504B 4C44
KON 121.534491 21 007D 456F
KON 121.534911 22 008D 4699
KON 121.537007 23 5086 4D44
KON 121.544300 24 007F 4886
KON 121.544720 27 0091 4FE6
KON 121.545737 28 007B 38A0
KON 121.546187 29 008B 39BE
KON 121.547203 32 007B 3DA0
KON 121.547623 35 008D 4499
KON 121.548654 36 3101 4A80
KON 121.549095 39 5062 4840
KON 121.550129 40 3101 4380
KON 121.550586 42 5062 4140
KON 121.551443 50 1049 4D80
KON 121.552547 05 3101 4880
KON 121.552966 08 5062 4640
KON 121.558164 10 503D 554D
KON 121.558809 11 5049 4C44
KON 121.562230 12 6012 124E
KON 121.570372 14 1048 4380
KON 121.571218 15 1049 4880
KON 121.580134 17 1049 4A80
KON 121.581088 31 100A 3891
KON 121.581924 37 100B 448C
KON 121.582776 41 100B 468C
KON 121.871747 45 5086 4D44
KON 121.874464 49 5049 4C44
KON 121.878002 51 007F 4886
KON 121.878488 53 0091 4FE6
KON 121.879504 55 007D 456F
KON 121.879932 57 008D 4699
KON 121.880970 58 007B 3DA0
KON 121.881390 59 008D 4499
KON 121.882449 60 007B 38A0
KON 121.882869 62 008B 39BE
KON 121.883758 63 6012 124E
KON 121.885854 00 503D 524D
KON 121.892011 01 1048 4380
KON 121.892835 03 1049 4D80
KON 121.893721 04 1049 4A80
KON 121.894562 06 100A 3891
KON 121.895419 07 100B 468C
KON 121.900683 09 1049 4880
KON 121.901541 26 100B 448C
KON 121.903104 30 3101 4380
KON 121.903560 46 5062 4140
KON 121.904615 47 3101 4A80
KON 121.905034 48 5062 4840
KON 121.906059 61 3101 4880
KON 121.906487 16 5062 4640
KON 122.187602 18 6012 124E
KON 122.194838 23 5086 4D44
KON 122.201689 37 1049 4D80
KON 122.212825 40 007B 3DA0
KON 122.213245 41 008D 4499
KON 122.214266 42 007D 456F
KON 122.214708 05 008D 4699
KON 122.215724 08 007F 4886
KON 122.216153 10 0091 4FE6
KON 122.219401 11 007B 38A0
KON 122.219821 12 008B 39BE
KON 122.220731 14 1048 4380
KON 122.221740 15 100A 3891
KON 122.224585 17 503D 504D
KON 122.225229 21 5049 4C44
KON 122.230792 22 1049 4880
KON 122.231615 24 1049 4A80
KON 122.232526 27 100B 448C
KON 122.233399 28 100B 468C
KON 122.234446 29 3101 4380
KON 122.234865 31 5062 4140
KON 122.241147 32 3101 4A80
KON 122.241566 35 5062 4840
KON 122.244932 36 3101 4880
KON 122.245351 39 5062 4640
KON 122.361231 50 6012 124E
KON 122.362694 45 5086 4D44
KON 122.370243 49 1049 4F80
KON 122.385021 00 1049 4D80
KON 122.391787 06 007D 456F
KON 122.392215 07 008D 4699
KON 122.393253 16 007F 4886
KON 122.393673 26 0091 4FE6
KON 122.394749 30 007B 38A0
KON 122.395169 46 008B 39BE
KON 122.396376 47 007B 3DA0
KON 122.396796 48 008D 4499
KON 122.398553 51 5044 5167
KON 122.420448 53 1048 4380
KON 122.421267 55 1049 4880
KON 122.422105 57 1049 4A80
KON 122.424246 58 100A 3891
KON 122.425107 59 100B 448C
KON 122.427118 60 100B 468C
KON 122.428230 61 3101 4380
KON 122.428649 62 5062 4140
KON 122.429678 63 3101 4A80
KON 122.430127 01 5062 4840
KON 122.431237 03 3101 4880
KON 122.431656 04 5062 4640
KON 122.434452 09 5049 4C44
KON 122.520269 15 504B 4C44
KON 122.527845 17 6012 124E
KON 122.538333 18 5086 4D44
KON 122.552805 21 1049 4A80
KON 122.553638 23 1049 4880
KON 122.556416 27 100B 468C
KON 122.557251 28 100B 448C
KON 122.558276 37 3101 4A80
KON 122.558695 05 5062 4840
KON 122.578542 08 1048 4380
KON 122.581373 10 1049 4F80
KON 122.582184 11 1049 4D80
KON 122.585521 12 007D 456F
KON 122.585963 14 008D 4699
KON 122.589382 22 007F 4886
KON 122.589802 24 0091 4FE6
KON 122.590827 29 007B 3DA0
KON 122.591247 31 008D 4499
KON 122.592415 32 007B 38A0
KON 122.592843 35 008B 39BE
KON 122.593885 36 100A 3891
KON 122.594912 39 3101 4380
KON 122.595386 40 5062 4140
KON 122.596651 41 3101 4880
KON 122.597079 42 5062 4640
KON 122.599341 45 5058 534D
KON 122.599910 51 5044 4F67
KON 122.713907 00 5057 524D
KON 122.714476 48 5086 4D44
KON 122.715132 49 5049 4C44
KON 122.732039 50 1047 3C80
KON 122.733075 53 007B 3DA0
KON 122.733495 55 008D 4499
KON 122.736727 57 6012 174E
KON 122.737555 58 6012 0B4E
KON 122.739477 59 1009 388C
KON 122.740308 60 100B 448C
KON 122.746338 61 30ED 1FC4
KON 122.753329 62 5056 534D
KON 122.753920 63 5035 4D44
KON 122.778956 01 503D 554D
KON 122.779534 03 5035 4D44
KON 123.374627 04 007B 38A0
KON 123.375047 06 008B 39BE
KON 123.381145 07 1046 3780
KON 123.382008 09 1008 2DB0
KON 123.382844 15 100A 3891
KON 124.019641 16 1047 3E80
KON 124.020504 18 1009 3A8C
KON 124.027175 26 1046 3980
KON 124.028020 30 1046 3A80
KON 124.028886 46 1008 2FB0
KON 124.029723 47 1008 30B0
KON 124.033641 17 007D 486F
KON 124.034061 21 008F 4388
KON 124.054564 22 1047 4180
KON 124.055485 23 1009 3D8C
KON 124.075349 24 100B 498C
KON 125.062326 27 1047 3E80
KON 125.063168 28 1009 3A8C
KON 125.064025 29 100B 468C
KON 125.396746 31 1048 4380
KON 125.397696 32 1047 4080
KON 125.398508 35 1047 3C80
KON 125.399350 36 1046 3B80
KON 125.400798 37 100A 3891
KON 125.401679 39 100C 4F80
KON 125.402532 40 1009 3C8C
KON 125.404115 41 1009 388C
KON 125.405006 42 1008 31B0
KON 125.405864 45 30ED 22C4
KON 125.407287 51 5079 4EBC
KON 125.439096 00 30ED 22C4
KON 125.444152 05 5079 4EBC
KON 125.479555 08 30ED 22C4
KON 125.481935 10 5079 4EBC
KON 125.521329 11 30ED 22C4
KON 125.527054 12 5079 4EBC
KON 125.562978 14 30ED 22C4
KON 125.565387 48 5079 4EBC
KON 125.604268 49 30ED 22C4
KON 125.611265 59 5079 4EBC
KON 125.646824 60 30ED 22C4
KON 125.649010 61 5079 4EBC
KON 125.693623 62 30ED 22C4
KON 125.695193 63 5079 4EBC
KON 125.731374 01 30ED 22C4
KON 125.735069 03 5079 4EBC
KON 125.777241 50 30ED 22C4
KON 125.780043 53 5079 4EBC
KON 125.813204 55 30ED 22C4
KON 125.820161 09 5079 4EBC
KON 125.861508 15 30ED 22C4
KON 125.862700 04 5079 4EBC
KON 125.895715 06 30ED 22C4
KON 125.906328 07 5079 4EBC
KON 125.944296 46 30ED 22C4
KON 125.945431 47 5079 4EBC
KON 125.980392 18 30ED 22C4
KON 125.987928 22 5079 4EBC
KON 126.028977 23 30ED 22C4
KON 126.030126 24 5079 4EBC
KON 126.069720 16 30ED 22C4
KON 126.070861 17 5079 4EBC
KON 126.111919 21 30ED 22C4
KON 126.113566 26 5079 4EBC
KON 126.151927 28 30ED 22C4
KON 126.154349 29 5079 4EBC
KON 126.194899 30 30ED 22C4
KON 126.197576 27 5079 4EBC
KON 126.236624 40 30ED 22C4
KON 126.238640 41 5079 4EBC
KON 126.277985 42 30ED 22C4
KON 126.279177 51 5079 4EBC
KON 126.321422 05 30ED 22C4
KON 126.324460 45 5079 4EBC
KON 126.361896 00 30ED 22C4
KON 126.363074 08 5079 4EBC
KON 126.405036 10 30ED 22C4
KON 126.407508 11 5079 4EBC
KON 126.447216 12 30ED 22C4
KON 126.451078 48 5079 4EBC
KON 126.487434 59 30ED 22C4
KON 126.491496 14 5079 4EBC
KON 126.528405 49 30ED 22C4
KON 126.533979 60 5079 4EBC
KON 126.571946 61 30ED 22C4
KON 126.573148 62 5079 4EBC
KON 126.619151 63 30ED 22C4
KON 126.620364 03 5079 4EBC
KON 126.653681 50 30ED 22C4
KON 126.656011 53 5079 4EBC
KON 126.700523 01 30ED 22C4
KON 126.701670 04 5079 4EBC
KON 126.742310 09 007B 3DA0
KON 126.742730 55 008D 4499
KON 126.743788 06 0077 31A6
KON 126.744245 07 0089 38A3
KON 126.745640 15 5007 33D1
KON 126.746211 22 409D 41C0
KON 126.747447 46 30ED 22C4
KON 126.748249 47 5079 4EBC
KON 126.787299 17 30ED 22C4
KON 126.788500 18 5079 4EBC
KON 126.813432 23 0077 30A6
KON 126.813852 24 0089 37A3
KON 126.817306 16 5007 32D1
KON 126.817899 21 409D 41A0
KON 126.827809 26 007B 3CA0
KON 126.828229 29 008D 4399
KON 126.829305 27 30ED 22C4
KON 126.831869 28 5079 4EBC
KON 126.868498 30 30ED 22C4
KON 126.869690 40 5079 4EBC
KON 126.904066 41 0077 31A6
KON 126.904487 51 0089 38A3
KON 126.905529 42 007B 3DA0
KON 126.905949 45 008D 4499
KON 126.907124 00 5007 33D1
KON 126.907695 05 409D 41C0
KON 126.909873 08 30ED 22C4
KON 126.914613 10 5079 4EBC
KON 126.950489 11 30ED 22C4
KON 126.951640 48 5079 4EBC
KON 126.988823 59 0079 3B7E
KON 126.989274 12 0089 3CA3
KON 126.990441 14 5007 37D1
KON 126.991049 49 409D 4240
KON 126.993606 60 007D 476F
KON 126.994064 61 008D 4899
KON 126.994923 62 30ED 22C4
KON 126.996327 03 5079 4EBC
KON 127.037316 50 30ED 22C4
KON 127.038458 53 5079 4EBC
KON 127.076593 63 007F 4486
KON 127.077050 01 008F 4588
KON 127.078130 04 007B 38A0
KON 127.078550 46 008B 39BE
KON 127.079939 47 5007 3AD1
KON 127.080502 06 409D 42A0
KON 127.081368 07 30ED 22C4
KON 127.081970 09 5079 4EBC
KON 127.117945 15 30ED 22C4
KON 127.119086 16 5079 4EBC
KON 127.153457 17 0079 3B7E
KON 127.153878 18 0089 3CA3
KON 127.155075 21 5007 37D1
KON 127.155646 22 409D 4240
KON 127.160744 23 007D 476F
KON 127.161185 24 008D 4899
KON 127.162397 27 30ED 22C4
KON 127.164622 28 5079 4EBC
KON 127.201174 40 30ED 22C4
KON 127.202333 55 5079 4EBC
KON 127.243869 08 007F 4486
KON 127.244289 10 008F 4588
KON 127.246393 26 30ED 22C4
KON 127.252306 29 5079 4EBC
KON 127.256373 30 007B 38A0
KON 127.256793 41 008B 39BE
KON 127.260283 42 5007 3AD1
KON 127.260854 45 409D 42A0
KON 127.284611 48 30ED 22C4
KON 127.285745 51 5079 4EBC
KON 127.320056 00 007B 3CA0
KON 127.320476 03 008D 4399
KON 127.321672 05 5007 3ED1
KON 127.322243 11 409D 4320
KON 127.327995 49 007F 4886
KON 127.328415 50 0091 4FE6
KON 127.329283 53 30ED 22C4
KON 127.334129 59 5079 4EBC
KON 127.368418 60 30ED 22C4
KON 127.369612 61 5079 4EBC
KON 127.410878 62 007F 4986
KON 127.411343 04 0091 50E6
KON 127.412359 06 007B 3DA0
KON 127.412779 07 008D 4499
KON 127.413976 09 5007 3FD1
KON 127.414547 12 409D 4340
KON 127.415451 14 30ED 22C4
KON 127.417906 16 5079 4EBC
KON 127.456270 28 30ED 22C4
KON 127.456880 46 5079 4EBC
KON 127.480131 47 007B 38A0
KON 127.480573 55 008B 39BE
KON 127.485587 63 5007 3AD1
KON 127.486158 01 409D 42A0
KON 127.495012 15 007F 4486
KON 127.495462 17 008F 4588
KON 127.496321 18 30ED 22C4
KON 127.501265 21 5079 4EBC
KON 127.535575 22 30ED 22C4
KON 127.542329 23 5079 4EBC
KON 127.568842 24 007B 3CA0
KON 127.569271 27 008D 4399
KON 127.570437 29 5007 3ED1
KON 127.571030 40 409D 4320
KON 127.579173 51 007F 4886
KON 127.579623 08 0091 4FE6
KON 127.580482 10 30ED 22C4
KON 127.585547 26 5079 4EBC
KON 127.618449 30 30ED 22C4
KON 127.627906 41 5079 4EBC
KON 127.661100 42 007F 4986
KON 127.661529 45 0091 50E6
KON 127.663651 48 007B 3DA0
KON 127.664093 49 008D 4499
KON 127.665296 50 5007 3FD1
KON 127.665876 53 409D 4340
KON 127.667159 59 30ED 22C4
KON 127.669592 60 5079 4EBC
KON 127.707880 61 30ED 22C4
KON 127.709059 00 5079 4EBC
KON 127.745870 03 0081 5795
KON 127.746290 05 0091 57E6
KON 127.747149 11 30ED 22C4
KON 127.751835 16 5079 4EBC
KON 127.757024 46 007D 476F
KON 127.757444 62 008D 4899
KON 127.758619 04 5009 4C80
KON 127.759212 06 409D 43C0
KON 127.791257 07 30ED 22C4
KON 127.794252 09 5079 4EBC
KON 127.827567 12 007F 4986
KON 127.827987 14 0091 50E6
KON 127.829003 18 007B 3DA0
KON 127.829431 21 008D 4499
KON 127.835646 23 5007 3FD1
KON 127.836272 28 409D 4340
KON 127.837360 47 30ED 22C4
KON 127.838155 55 5079 4EBC
KON 127.873523 63 30ED 22C4
KON 127.874702 01 5079 4EBC
KON 127.917725 10 0081 5495
KON 127.918145 15 0091 54E6
KON 127.919199 17 007D 476F
KON 127.919665 22 008D 4899
KON 127.923633 24 5009 4C80
KON 127.924204 26 409D 43C0
KON 127.925082 27 30ED 22C4
KON 127.925918 29 5079 4EBC
KON 127.959126 30 30ED 22C4
KON 127.960260 40 5079 4EBC
KON 127.986541 41 007F 4486
KON 127.986961 48 008F 4588
KON 127.988136 49 5009 4F80
KON 127.988707 51 409D 4420
KON 128.000298 59 0081 5795
KON 128.000773 60 0091 57E6
KON 128.001855 00 30ED 22C4
KON 128.002434 08 5079 4EBC
KON 128.045678 16 30ED 22C4
KON 128.046858 42 5079 4EBC
KON 128.049052 45 1007 2A97
KON 128.056930 50 6012 174E
KON 128.070223 53 6012 0B4E
KON 128.071080 61 100B 448C
KON 128.077580 62 007F 4986
KON 128.078000 03 0091 50E6
KON 128.078844 04 100C 5480
KON 128.080033 05 500B 5480
KON 128.080604 06 409D 44C0
KON 128.083594 07 1045 3080
KON 128.084640 09 007B 3DA0
KON 128.085060 11 008D 4499
KON 128.085949 46 30ED 22C4
KON 128.096664 47 1047 3C80
KON 128.102547 55 30ED 1FC4
KON 128.103138 57 30ED 1CC4
KON 128.103707 58 5079 4EBC
KON 128.104322 01 5078 4FBC
KON 128.106204 12 1049 4880
KON 128.107041 14 1009 388C
